rank,champion,win,kills,deaths,assists,kp,cs,cspm,gold,dmg,dmgshare,dmgtaken,vision,wards,wardskilled,cwards,teamdragons,teambarons,teamheralds,teamtowers,pdrag,pbaron,pturret,keystone,dur,matchId
IRON,Sylas,1,5,10,12,0.386,174,4.7,12632,20001,0.13,52275,32,15,2,0,4,0,0,9,4,0,0,Conqueror,37,EUW1_7897458094
IRON,Jax,1,5,11,7,0.214,159,4.6,11522,17012,0.1,42530,23,9,0,0,4,2,0,11,1,2,1,Lethal Tempo,34,EUW1_7896733745
IRON,Nocturne,0,3,3,4,1.0,130,6.0,7810,9336,0.257,15773,20,11,0,2,0,0,0,0,0,0,0,Lethal Tempo,21,EUW1_7896441445
BRONZE,Kayn,0,0,2,3,0.375,60,4.6,3902,1699,0.087,8390,7,3,0,0,0,0,0,0,0,0,0,Dark Harvest,13,EUW1_7896432170
BRONZE,RekSai,0,6,12,10,0.356,147,3.9,13527,22569,0.109,53269,32,11,1,0,1,0,1,5,1,0,0,Conqueror,37,EUW1_7894308203
IRON,Graves,1,1,2,6,0.333,146,6.5,8124,8112,0.105,17328,22,3,4,2,3,0,0,8,3,0,0,Fleet Footwork,22,EUW1_7894243273
BRONZE,Evelynn,1,8,1,6,0.5,166,7.0,10774,16561,0.212,18055,6,2,0,0,2,0,1,4,2,0,0,Electrocute,23,EUW1_7892281791
IRON,Jax,0,5,10,1,0.75,102,5.2,7350,10904,0.252,22171,16,8,0,0,0,0,0,0,0,0,0,Lethal Tempo,19,EUW1_7892099365
BRONZE,Kayn,0,7,7,7,0.467,170,5.2,12487,13576,0.132,31928,27,12,0,0,2,0,0,3,2,0,0,Conqueror,32,EUW1_7892094354
BRONZE,Shyvana,1,5,6,6,0.314,249,6.8,14662,16541,0.13,33943,26,9,0,0,5,2,0,11,3,2,0,Conqueror,36,EUW1_7891586716
BRONZE,Kayn,1,14,3,17,0.756,215,7.3,15289,33698,0.33,27686,14,0,3,0,4,1,1,5,3,1,1,Conqueror,29,EUW1_7891536397
BRONZE,Kayn,1,9,8,10,0.463,216,5.3,16235,34846,0.2,54245,39,6,6,4,2,0,1,11,2,0,0,Conqueror,41,EUW1_7891068181
IRON,Amumu,1,7,6,16,0.479,164,5.4,11873,15939,0.116,30117,15,8,0,0,2,0,0,10,1,0,0,Conqueror,30,EUW1_7890154540
BRONZE,Amumu,0,0,11,7,0.259,92,3.8,6482,10010,0.131,24372,16,7,2,0,1,0,0,1,0,0,0,Conqueror,23,EUW1_7889079145
BRONZE,Shaco,1,4,5,5,0.191,213,7.5,11281,13245,0.113,18956,20,4,2,4,1,0,1,8,1,0,1,Hail of Blades,28,EUW1_7889052121
BRONZE,Shyvana,1,3,14,6,0.22,201,5.4,12779,26041,0.166,45803,32,13,1,0,3,0,1,12,3,0,1,Press the Attack,37,EUW1_7889031779
BRONZE,BelVeth,1,1,1,2,0.375,55,6.0,3339,2406,0.147,5285,8,3,0,0,1,0,0,0,1,0,0,Press the Attack,9,EUW1_7888225879
BRONZE,Kayn,0,7,13,3,0.294,175,4.4,13916,28862,0.167,50101,19,9,0,2,2,0,0,4,2,0,0,Conqueror,39,EUW1_7888000204
BRONZE,Rengar,1,11,14,17,0.483,176,4.51,16216,33473,0.171,51256,39,12,6,0,3,1,0,10,3,0,2,Conqueror,2340,EUW1_7897340589
IRON,Shyvana,0,12,9,14,0.510,223,5.72,18117,28806,0.157,48973,26,11,0,0,2,1,1,8,2,1,1,Press the Attack,2340,EUW1_7897340589
IRON,Diana,1,6,13,8,0.269,227,5.97,15008,27759,0.129,43161,27,8,0,0,5,0,1,11,3,0,2,Conqueror,2280,EUW1_7897311420
IRON,Shaco,0,4,15,16,0.465,109,2.87,11625,16345,0.131,40964,21,8,2,0,0,1,0,5,0,0,0,Hail of Blades,2280,EUW1_7897311420
BRONZE,Briar,1,5,3,5,0.294,147,6.39,10128,7473,0.098,20426,10,2,1,0,3,0,1,8,3,0,1,Press the Attack,1380,EUW1_7897300933
BRONZE,Shaco,0,0,8,3,0.188,126,5.48,6872,5603,0.097,17846,19,9,0,0,0,0,0,1,0,0,0,Hail of Blades,1380,EUW1_7897300933
IRON,Shaco,0,5,12,8,0.394,117,3.44,11549,15710,0.118,28019,22,0,4,0,2,0,0,6,0,0,1,Hail of Blades,2040,EUW1_7897272651
IRON,Evelynn,1,27,7,8,0.660,207,6.09,20320,61053,0.450,37038,33,15,0,0,2,0,1,11,2,0,4,Electrocute,2040,EUW1_7897272651
BRONZE,Hecarim,1,18,2,6,0.585,252,8.40,18264,24309,0.251,36471,19,8,0,0,2,1,0,10,0,1,3,Stormraiders Surge,1800,EUW1_7897241621
BRONZE,Vi,0,8,11,2,0.385,165,5.50,12030,21150,0.201,28700,21,9,0,0,3,0,1,4,3,0,1,Conqueror,1800,EUW1_7897241621
IRON,Naafiri,0,9,11,9,0.450,163,4.94,12494,21764,0.161,33812,26,10,0,0,1,0,0,4,0,0,0,Electrocute,1980,EUW1_7896608735
BRONZE,Mordekaiser,1,7,9,9,0.340,209,6.33,15216,21588,0.161,42477,24,7,1,0,4,0,1,10,3,0,2,Conqueror,1980,EUW1_7896608735
IRON,Viego,0,1,3,1,0.333,97,6.47,5158,3083,0.119,11420,13,5,0,0,0,0,0,1,0,0,0,Conqueror,900,EUW1_7896581344
BRONZE,Nasus,1,4,1,4,0.500,91,6.07,6134,6984,0.198,16192,11,5,0,0,2,0,0,1,2,0,0,Fleet Footwork,900,EUW1_7896581344
BRONZE,Tryndamere,0,10,11,6,0.696,187,6.03,14346,35783,0.302,45116,28,12,2,0,2,0,0,1,2,0,1,Hail of Blades,1860,EUW1_7896552185
BRONZE,Warwick,1,10,7,10,0.435,194,6.26,14318,31214,0.181,47370,38,10,2,2,3,1,1,11,3,1,1,Lethal Tempo,1860,EUW1_7896552185
IRON,Warwick,0,10,9,15,0.556,176,4.76,15769,28733,0.199,58053,33,14,0,0,2,1,0,5,1,1,0,Lethal Tempo,2220,EUW1_7896518142
BRONZE,Graves,1,8,7,7,0.349,276,7.46,16912,29847,0.196,35177,27,12,1,0,4,0,1,10,4,0,1,Dark Harvest,2220,EUW1_7896518142
BRONZE,Warwick,1,9,7,7,0.410,203,5.97,16129,20421,0.160,55261,35,15,0,0,4,1,0,13,3,1,2,Hail of Blades,2040,EUW1_7896495768
BRONZE,Ivern,0,8,6,14,0.550,135,3.97,13620,20028,0.150,23784,15,7,0,0,0,0,1,2,0,0,1,Glacial Augment,2040,EUW1_7896495768
SILVER,Lee Sin,1,10,3,8,0.375,284,7.10,17952,34297,0.151,44326,33,10,1,0,4,1,1,10,1,0,1,Conqueror,2400,EUW1_7896395468
IRON,Dr. Mundo,0,5,8,3,0.276,275,6.88,14341,33745,0.256,111211,26,9,1,0,2,0,0,5,2,0,0,Fleet Footwork,2400,EUW1_7896395468
IRON,Sylas,1,7,5,6,0.406,145,5.80,10973,14758,0.176,27385,17,9,0,0,3,1,1,11,2,1,2,Conqueror,1500,EUW1_7896387833
IRON,Aatrox,0,0,4,0,0.000,98,6.53,4512,1578,0.094,11045,10,5,0,0,1,0,0,0,1,0,0,Conqueror,900,EUW1_7896381178
BRONZE,Master Yi,0,0,21,2,0.087,69,2.38,7186,4203,0.038,30474,15,6,0,2,0,0,0,3,0,0,1,Lethal Tempo,1740,EUW1_7896373309
BRONZE,Warwick,1,11,4,5,0.308,241,8.31,15561,23780,0.228,49734,15,4,3,0,4,1,0,10,4,1,1,Lethal Tempo,1740,EUW1_7896373309
BRONZE,Jax,1,10,5,3,0.317,202,7.48,14568,17879,0.187,24944,27,10,3,0,2,1,1,11,2,1,4,Press the Attack,1620,EUW1_7896371215
IRON,Nocturne,0,7,7,7,0.538,146,5.41,10947,16185,0.183,27302,24,13,0,0,2,0,0,3,0,0,0,Hail of Blades,1620,EUW1_7896371215
IRON,Ekko,0,1,1,3,0.364,151,8.39,7551,3969,0.093,8641,14,7,0,0,0,0,0,0,0,0,0,Hail of Blades,1080,EUW1_7896371681
BRONZE,Briar,1,7,3,2,0.450,116,6.44,8768,5967,0.109,15028,4,0,0,0,3,0,1,4,3,0,0,Press the Attack,1080,EUW1_7896371681
IRON,Lillia,1,1,2,6,0.350,95,6.33,5515,5089,0.132,13184,11,4,0,0,1,0,0,2,1,0,0,Conqueror,900,EUW1_7896365281
IRON,Volibear,0,1,4,3,0.500,84,5.60,5021,4324,0.170,9971,10,1,2,1,1,0,0,0,1,0,0,Grasp of the Undying,900,EUW1_7896365281
DIAMOND,Kayn,1,9,2,8,0.486,230,7.93,13944,25311,0.206,26695,20,2,4,1,3,0,0,9,1.0,0.0,0.111,Conqueror,29,EUW1_7897512414
DIAMOND,Aatrox,0,3,9,8,0.478,167,5.76,10769,17836,0.178,40924,16,1,3,0,1,1,1,3,1.0,1.0,0.333,Conqueror,29,EUW1_7897512414
DIAMOND,Kayn,1,13,8,17,0.652,236,6.74,17580,39248,0.215,58104,28,4,3,5,3,1,0,7,1.0,1.0,0.286,Conqueror,35,EUW1_7897483479
DIAMOND,Warwick,0,16,10,11,0.6,218,6.23,17801,32975,0.197,59006,23,3,3,0,2,1,1,6,1.0,1.0,0.0,Lethal Tempo,35,EUW1_7897483479
DIAMOND,Talon,0,6,5,5,0.611,280,8.24,14103,21191,0.187,33881,45,4,5,4,2,0,1,2,1.0,0.0,0.5,Conqueror,34,EUW1_7896902115
DIAMOND,Briar,1,11,2,5,0.64,255,7.5,16824,17903,0.194,24453,39,4,6,4,4,2,0,11,1.0,1.0,0.0,Press the Attack,34,EUW1_7896902115
DIAMOND,Kayn,1,17,6,9,0.553,312,7.8,20091,42767,0.252,48206,38,3,6,2,4,1,0,9,1.0,1.0,0.111,Dark Harvest,40,EUW1_7896693413
DIAMOND,Evelynn,0,14,7,7,0.636,206,5.15,17756,53820,0.325,45669,25,11,0,4,1,1,1,5,1.0,1.0,0.0,Electrocute,40,EUW1_7896693413
DIAMOND,Graves,1,9,5,10,0.576,171,6.58,12924,27239,0.223,22626,16,9,1,0,2,1,1,11,0.5,1.0,0.091,Fleet Footwork,26,EUW1_7896657496
DIAMOND,Kayn,0,2,7,2,0.222,183,7.04,9367,11313,0.135,28042,24,3,5,2,1,0,0,1,1.0,0.0,0.0,Conqueror,26,EUW1_7896657496
DIAMOND,Elise,0,3,5,1,0.444,121,6.05,7027,9339,0.162,16295,13,2,3,0,1,0,0,2,0.0,0.0,0.0,Dark Harvest,20,EUW1_7896624192
DIAMOND,Kayn,1,5,1,10,0.652,168,8.4,9862,13306,0.175,21559,22,4,3,3,2,0,1,4,1.0,0.0,0.0,Conqueror,20,EUW1_7896624192
DIAMOND,Shaco,1,5,1,10,0.484,166,8.3,9672,10580,0.136,11140,28,9,2,2,3,0,1,10,1.0,0.0,0.2,Arcane Comet,20,EUW1_7896605945
DIAMOND,Talon,0,3,8,1,0.571,133,6.65,7842,11461,0.288,18590,28,3,7,1,0,0,0,2,0.0,0.0,0.0,Conqueror,20,EUW1_7896605945
EMERALD,Shaco,1,5,2,13,0.486,218,7.79,12696,18001,0.161,24572,51,10,9,4,3,1,0,9,1.0,1.0,0.0,Hail of Blades,28,EUW1_7895780987
DIAMOND,Talon,0,6,7,4,0.476,244,8.71,12719,19764,0.21,29862,38,5,5,3,1,0,0,3,0.0,0.0,0.333,Conqueror,28,EUW1_7895780987
DIAMOND,Kayn,0,10,6,6,0.64,265,7.79,17086,22591,0.256,39153,38,6,1,4,1,0,1,4,1.0,0.0,0.0,Dark Harvest,34,EUW1_7895654573
DIAMOND,KhaZix,1,12,5,6,0.462,242,7.12,18522,32720,0.209,32378,26,2,7,0,4,1,0,10,1.0,0.0,0.3,First Strike,34,EUW1_7895654573
DIAMOND,Xin Zhao,0,6,3,10,0.727,222,6.73,13861,29611,0.277,46205,25,2,6,0,3,0,1,5,1.0,0.0,0.2,Conqueror,33,EUW1_7895617698
DIAMOND,Talon,1,5,5,6,0.423,264,8.0,13849,24666,0.225,37060,42,5,7,5,2,0,0,9,1.0,0.0,0.222,Conqueror,33,EUW1_7895617698
EMERALD,Graves,1,10,12,17,0.75,215,6.94,16189,29904,0.228,33305,17,1,3,0,0,1,1,7,0.0,0.0,0.286,Fleet Footwork,31,EUW1_7895582916
DIAMOND,Kayn,0,11,8,15,0.703,228,7.35,15722,30189,0.233,29903,44,6,9,4,4,0,0,4,1.0,0.0,0.0,Dark Harvest,31,EUW1_7895582916
DIAMOND,Kayn,1,12,3,7,0.559,173,7.21,11739,16950,0.226,21417,24,2,3,2,3,0,0,7,0.667,0.0,0.143,Dark Harvest,24,EUW1_7895555792
DIAMOND,Graves,0,1,7,5,0.462,198,8.25,9400,10198,0.153,21355,26,7,1,5,1,0,0,3,1.0,0.0,0.0,Fleet Footwork,24,EUW1_7895555792
DIAMOND,Quinn,0,8,12,4,0.545,184,6.13,12509,23320,0.193,30405,23,1,3,1,0,0,0,5,0.0,0.0,0.0,Electrocute,30,EUW1_7895460320
DIAMOND,Kayn,1,23,2,7,0.625,241,8.03,17412,47806,0.312,31732,35,4,10,3,4,0,0,10,0.75,0.0,0.0,Dark Harvest,30,EUW1_7895460320
DIAMOND,Zac,1,5,6,20,0.676,179,5.59,13719,22616,0.186,42208,27,4,5,3,1,0,1,8,0.0,0.0,0.0,Conqueror,32,EUW1_7895161932
DIAMOND,Kayn,0,2,9,9,0.324,217,6.78,11753,18201,0.119,38673,34,6,4,4,3,2,0,5,0.667,0.5,0.0,Conqueror,32,EUW1_7895161932
DIAMOND,Talon,1,15,8,11,0.605,223,7.43,16379,40314,0.321,36653,42,2,11,2,2,1,1,9,1.0,1.0,0.0,Electrocute,30,EUW1_7895111645
DIAMOND,Riven,0,4,9,10,0.359,192,6.4,12643,15282,0.124,28448,26,4,5,0,1,0,0,6,1.0,0.0,0.0,Conqueror,30,EUW1_7895111645
DIAMOND,Rengar,1,7,1,5,0.48,127,8.47,8437,11512,0.237,11780,14,1,4,0,1,0,0,3,1.0,0.0,0.333,Conqueror,15,EUW1_7894733664
DIAMOND,Talon,0,0,5,3,0.3,92,6.13,4848,5025,0.15,12440,9,2,0,2,0,0,0,0,0.0,0.0,0.0,Conqueror,15,EUW1_7894733664
DIAMOND,Shyvana,0,4,10,5,0.273,240,7.7,12563,21995,0.165,50371,15,0,5,0,1,0,1,3,0,0,0,Press the Attack,31.0,EUW1_7897219772
DIAMOND,Graves,1,12,5,16,0.757,245,7.9,16817,42783,0.32,41233,50,7,5,5,4,2,0,11,3,1,1,Fleet Footwork,31.0,EUW1_7897219772
PLATINUM,Viego,1,8,1,8,0.533,250,11.4,13909,17673,0.241,17972,14,2,2,0,3,1,1,7,3,1,1,Conqueror,22.0,EUW1_7897085183
PLATINUM,Sylas,0,5,5,4,0.818,161,7.3,9857,11376,0.228,27818,26,10,0,1,0,0,0,0,0,0,0,Conqueror,22.0,EUW1_7897085183
DIAMOND,Sylas,1,2,1,12,0.438,168,8.4,8923,8585,0.143,20967,16,2,2,1,2,0,0,3,2,0,0,Conqueror,20.0,EUW1_7897046284
EMERALD,Karthus,0,1,5,8,0.5,169,8.4,8474,21205,0.321,15500,20,6,3,0,1,0,0,2,1,0,0,Dark Harvest,20.0,EUW1_7897046284
EMERALD,Rengar,1,14,8,7,0.457,252,7.2,17983,40033,0.254,43330,33,2,8,0,4,0,1,7,3,0,3,Conqueror,35.0,EUW1_7896987287
EMERALD,Volibear,0,8,4,12,0.513,252,7.2,16819,29401,0.213,40768,49,4,9,4,2,1,0,7,2,1,2,Lethal Tempo,35.0,EUW1_7896987287
EMERALD,Briar,1,20,4,2,0.468,295,9.5,20938,29242,0.218,29613,40,13,1,1,3,1,0,10,3,1,2,Press the Attack,31.0,EUW1_7896793588
DIAMOND,Wukong,0,7,10,7,0.333,195,6.3,12727,23593,0.153,43178,16,1,5,1,2,0,0,1,2,0,0,Conqueror,31.0,EUW1_7896793588
DIAMOND,Nasus,0,5,6,4,0.346,173,5.4,11790,13602,0.108,45393,20,4,2,3,1,0,0,3,1,0,0,Fleet Footwork,32.0,EUW1_7896748639
EMERALD,Graves,1,10,5,6,0.356,288,9.0,16709,26449,0.181,28294,27,2,5,3,4,2,1,10,3,1,2,Dark Harvest,32.0,EUW1_7896748639
DIAMOND,Nasus,0,2,1,8,0.833,131,5.2,9206,10439,0.192,29248,38,7,6,3,0,0,0,1,0,0,0,Fleet Footwork,25.0,EUW1_7896535447
DIAMOND,Talon,1,11,0,8,0.594,232,9.3,13378,16505,0.188,18916,27,3,7,1,4,1,1,10,3,0,0,Electrocute,25.0,EUW1_7896535447
DIAMOND,Nasus,1,10,1,11,0.583,208,6.9,14222,26218,0.181,46075,53,14,8,2,0,1,1,6,0,1,2,Fleet Footwork,30.0,EUW1_7896516787
DIAMOND,Graves,0,9,6,5,0.636,207,6.9,14457,34137,0.24,28651,20,2,3,0,4,0,0,1,4,0,0,Fleet Footwork,30.0,EUW1_7896516787
DIAMOND,Viego,1,10,4,4,0.452,256,8.3,16169,17848,0.196,32380,35,6,6,6,2,2,1,11,2,1,2,Conqueror,31.0,EUW1_7896471016
EMERALD,Nautilus,0,2,6,10,0.6,162,5.2,10616,14534,0.142,23163,37,5,8,3,3,0,0,3,2,0,0,Aftershock,31.0,EUW1_7896471016
DIAMOND,Kayn,1,13,3,6,0.5,191,6.8,15078,31679,0.247,40215,22,5,2,3,1,1,0,11,1,1,0,Conqueror,28.0,EUW1_7896287158
PLATINUM,Talon,0,6,5,8,0.389,210,7.5,13145,21538,0.186,29222,38,11,4,0,3,0,1,5,1,0,0,Fleet Footwork,28.0,EUW1_7896287158
DIAMOND,Talon,1,20,6,8,0.583,265,7.0,21438,48826,0.277,44502,68,7,18,5,4,1,0,12,3,1,0,Fleet Footwork,38.0,EUW1_7896244395
EMERALD,Vi,0,8,8,9,0.436,217,5.7,15280,28508,0.188,37222,35,12,5,2,1,0,0,6,1,0,0,Hail of Blades,38.0,EUW1_7896244395
DIAMOND,Aatrox,0,3,8,4,0.318,148,6.2,8773,13389,0.194,28327,27,9,0,1,1,0,1,2,1,0,0,Conqueror,24.0,EUW1_7895986384
EMERALD,Vi,1,3,5,8,0.297,156,6.5,9974,10595,0.112,18579,21,7,3,1,2,0,0,8,2,0,0,Conqueror,24.0,EUW1_7895986384
EMERALD,Kayn,0,3,5,6,0.529,183,7.3,10431,15472,0.196,21734,27,9,4,0,0,0,1,4,0,0,0,Conqueror,25.0,EUW1_7895947827
DIAMOND,Nasus,1,12,0,6,0.545,197,7.9,13068,21746,0.229,34752,26,5,0,4,3,1,0,8,3,1,3,Fleet Footwork,25.0,EUW1_7895947827
DIAMOND,Talon,1,6,3,10,0.444,184,7.4,12070,20003,0.21,28577,31,12,5,1,2,1,1,7,2,1,2,Fleet Footwork,25.0,EUW1_7895902314
DIAMOND,Graves,0,3,9,2,0.333,149,6.0,9383,14532,0.209,22441,18,0,3,0,2,0,0,2,2,0,0,Dark Harvest,25.0,EUW1_7895902314
DIAMOND,Sylas,1,22,9,14,0.692,297,7.4,22352,56017,0.314,75482,46,7,7,3,2,1,0,9,2,1,2,Conqueror,40.0,EUW1_7895764325
EMERALD,Karthus,0,8,10,8,0.615,277,6.9,17001,72214,0.335,44356,40,3,9,3,3,1,0,8,3,1,0,Deathfire Touch,40.0,EUW1_7895764325
DIAMOND,Sylas,0,2,4,4,0.353,161,7.0,8645,12152,0.172,24410,32,6,2,2,0,0,1,4,0,0,1,Conqueror,23.0,EUW1_7895656804
EMERALD,Shyvana,1,8,2,11,0.633,179,7.8,11839,17803,0.208,20272,15,4,3,1,4,1,0,5,4,1,2,Press the Attack,23.0,EUW1_7895656804
IRON,Sylas,0,2,6,4,0.429,132,5.4,7731,9616,0.195,27063,19,8,1,1,2,0,0,1,1,0,0,Conqueror,24,EUW1_7897444021
BRONZE,Naafiri,1,4,4,2,0.207,103,4.2,7922,6566,0.09,14590,17,9,0,0,0,0,0,6,0,0,0,Conqueror,24,EUW1_7897444021
IRON,Diana,0,2,9,9,0.579,140,5.2,9016,8648,0.093,23660,15,7,0,0,0,0,0,2,0,0,0,Conqueror,26,EUW1_7896025791
BRONZE,Naafiri,1,18,3,11,0.592,115,4.3,13560,23855,0.225,23065,12,7,0,0,4,0,1,10,4,0,2,Conqueror,26,EUW1_7896025791
BRONZE,Naafiri,0,1,1,0,0.333,130,6.1,6625,2853,0.082,11232,14,7,0,0,1,0,1,2,1,0,1,Conqueror,21,EUW1_7895543727
BRONZE,Shaco,1,0,1,4,0.2,112,5.2,6274,4716,0.086,11460,13,8,0,0,2,0,0,3,1,0,0,Hail of Blades,21,EUW1_7895543727
BRONZE,Naafiri,1,13,4,10,0.575,156,4.7,15387,22821,0.169,27547,18,8,1,0,4,1,1,11,4,0,1,Conqueror,33,EUW1_7895434485
IRON,Nocturne,0,12,9,8,0.571,130,3.9,12736,27925,0.218,35671,20,10,1,0,1,0,0,2,1,0,0,Hail of Blades,33,EUW1_7895434485
IRON,Sylas,0,2,7,3,0.385,145,5.9,8766,7353,0.138,24150,21,9,0,0,1,0,1,2,1,0,1,Conqueror,24,EUW1_7895256857
BRONZE,Pantheon,1,9,2,9,0.429,102,4.1,10659,12928,0.132,17569,18,9,0,0,2,1,0,9,2,1,0,Conqueror,24,EUW1_7895256857
BRONZE,Naafiri,0,7,7,11,0.486,159,5.0,13417,23083,0.183,25775,22,12,2,0,1,0,1,6,0,0,1,Conqueror,31,EUW1_7895224782
IRON,Master Yi,1,18,8,7,0.51,229,7.2,18145,42751,0.296,33764,33,3,5,2,3,1,0,5,3,1,0,Hail of Blades,31,EUW1_7895224782
BRONZE,Evelynn,0,1,2,1,0.4,72,4.7,4731,2840,0.118,8268,11,5,0,0,0,0,0,0,0,0,0,Electrocute,15,EUW1_7895055708
BRONZE,Naafiri,1,3,1,5,0.4,90,5.9,5703,4671,0.119,7305,11,5,0,0,2,0,0,2,2,0,0,Conqueror,15,EUW1_7895055708
BRONZE,Naafiri,0,0,1,2,0.143,173,6.6,8114,530,0.008,9203,12,9,0,0,0,0,0,0,0,0,0,Conqueror,26,EUW1_7894851305
IRON,Nocturne,1,3,3,3,0.188,159,6.1,9013,10436,0.111,24676,20,6,1,1,4,0,1,10,3,0,1,Lethal Tempo,26,EUW1_7894851305
BRONZE,Tryndamere,1,3,2,6,0.45,151,7.3,8209,10050,0.184,18765,21,8,0,1,1,0,0,3,1,0,1,Hail of Blades,20,EUW1_7894820838
BRONZE,Naafiri,0,4,3,3,0.778,122,5.9,7578,13387,0.263,14416,17,5,1,0,2,0,0,1,2,0,0,Conqueror,20,EUW1_7894820838
IRON,Udyr,0,9,5,9,0.391,232,5.4,16443,16983,0.118,42944,43,17,2,0,3,1,1,9,3,1,4,Press the Attack,42,EUW1_7894666054
BRONZE,Naafiri,1,4,9,14,0.5,208,4.9,14423,21505,0.119,41345,33,14,0,0,3,1,0,8,3,1,1,Conqueror,42,EUW1_7894666054
BRONZE,Sylas,0,5,4,3,0.889,125,5.9,9181,12392,0.276,18818,22,8,2,0,1,0,0,0,1,0,0,Dark Harvest,21,EUW1_7894373580
BRONZE,Naafiri,1,2,1,6,0.364,110,5.2,7168,7110,0.125,10094,15,7,0,0,1,0,1,5,1,0,0,Conqueror,21,EUW1_7894373580
IRON,Briar,0,0,5,1,0.077,99,5.1,5551,6282,0.121,12097,10,5,0,0,0,0,0,2,0,0,0,Press the Attack,19,EUW1_7894055669
BRONZE,Nasus,1,6,0,4,0.278,110,5.7,7846,6273,0.101,20518,8,4,0,0,2,0,0,6,2,0,2,Stormraiders Surge,19,EUW1_7894055669
IRON,Warwick,1,0,0,4,0.222,109,6.5,5602,4681,0.1,11886,11,5,0,0,2,0,1,5,2,0,1,Lethal Tempo,16,EUW1_7889734786
BRONZE,Malphite,0,0,1,0,0.0,134,7.9,5585,396,0.011,4503,10,6,0,0,0,0,0,0,0,0,0,Dark Harvest,16,EUW1_7889734786
BRONZE,Kayn,1,7,4,5,0.522,156,6.8,10975,15417,0.233,20713,13,5,1,0,2,0,0,10,1,0,1,Conqueror,23,EUW1_7889574097
BRONZE,Naafiri,0,0,0,0,0.0,116,5.0,6190,420,0.006,5452,10,7,0,0,0,0,0,1,0,0,0,Conqueror,23,EUW1_7889574097
BRONZE,Wukong,1,10,14,19,0.345,376,6.2,24975,39223,0.126,78776,65,6,19,3,6,2,0,11,6,2,0,Conqueror,60,EUW1_7896694923
IRON,Jarvan IV,0,15,24,25,0.645,225,3.7,26283,39797,0.128,116855,31,15,3,1,3,1,1,13,1,0,2,Conqueror,60,EUW1_7896694923
IRON,Jarvan IV,0,5,16,4,0.643,110,3.8,9919,17330,0.199,42496,24,8,1,2,3,0,1,2,3,0,0,Conqueror,29,EUW1_7895987676
BRONZE,Pantheon,1,6,1,12,0.462,164,5.7,12020,16063,0.151,28884,15,6,1,0,1,1,0,11,1,0,2,Conqueror,29,EUW1_7895987676
BRONZE,Mordekaiser,1,5,1,6,0.344,189,6.9,10906,11078,0.135,19095,12,3,0,0,1,1,1,4,0,0,0,Conqueror,27,EUW1_7895917341
IRON,Briar,0,4,5,2,0.429,136,4.9,9047,7687,0.127,19192,8,0,2,0,3,0,0,3,3,0,0,Hail of Blades,27,EUW1_7895917341
IRON,Jarvan IV,1,12,9,16,0.538,184,6.7,13822,23591,0.188,34353,25,10,0,2,3,1,0,11,2,0,3,Conqueror,27,EUW1_7895316319
IRON,Sylas,0,11,9,7,0.621,136,4.9,12159,22186,0.232,37812,9,3,1,0,1,0,1,3,1,0,0,Conqueror,27,EUW1_7895316319
BRONZE,Ekko,1,2,0,3,0.125,151,7.5,7839,4014,0.060,18025,13,2,1,1,2,0,1,6,2,0,0,Hail of Blades,20,EUW1_7895312544
IRON,Jax,0,6,13,7,0.464,99,3.7,9543,17152,0.154,27340,19,8,0,0,0,0,0,0,0,0,0,Lethal Tempo,26,EUW1_7895225251
BRONZE,Nocturne,1,11,3,1,0.222,237,8.9,13579,13977,0.125,22389,20,8,0,0,3,0,1,10,3,0,1,Conqueror,26,EUW1_7895225251
IRON,Amumu,1,4,10,18,0.611,191,5.0,13928,21486,0.142,38400,12,6,0,0,4,0,0,9,4,0,0,Aftershock,38,EUW1_7895134913
BRONZE,Ambessa,0,23,5,6,0.569,271,7.1,21496,49307,0.305,41495,43,14,1,0,2,1,1,9,2,1,1,Grasp of the Undying,38,EUW1_7895134913
IRON,Evelynn,1,16,3,5,0.339,191,6.1,15053,25704,0.167,23560,41,17,0,0,4,1,0,11,3,1,0,Dark Harvest,31,EUW1_7895000054
IRON,Graves,0,4,9,4,0.471,127,4.9,9481,13158,0.164,20906,13,8,1,0,1,0,0,1,0,0,0,Dark Harvest,25,EUW1_7894954744
IRON,Lillia,1,1,2,9,0.227,147,5.7,9402,3623,0.045,21757,28,11,0,0,2,1,1,10,2,0,0,Conqueror,25,EUW1_7894954744
IRON,Xin Zhao,1,20,7,8,0.519,222,7.2,18468,47543,0.389,55970,35,15,3,0,1,1,0,11,1,0,0,Hail of Blades,30,EUW1_7894194365
BRONZE,Vi,0,28,13,4,0.744,161,5.2,19546,59810,0.435,39192,7,3,0,0,2,0,1,4,2,0,0,Hail of Blades,30,EUW1_7894194365
IRON,Sejuani,0,3,9,9,0.480,142,5.2,9515,14497,0.147,34716,17,6,1,0,1,0,0,2,1,0,0,Aftershock,27,EUW1_7891709281
IRON,Jarvan IV,1,5,5,13,0.514,145,5.3,11793,12942,0.114,28718,19,10,0,2,3,1,1,10,1,0,2,Conqueror,27,EUW1_7891709281
IRON,Elise,1,10,12,7,0.298,174,4.8,14035,22698,0.124,43181,34,15,1,0,4,2,0,11,4,0,0,Dark Harvest,36,EUW1_7891592003
IRON,Shaco,0,16,12,5,0.583,179,4.9,17144,35723,0.240,35000,41,13,4,0,1,0,1,1,1,0,0,Hail of Blades,36,EUW1_7891592003
BRONZE,Dr. Mundo,1,7,2,14,0.568,199,6.0,14230,29376,0.187,56080,22,2,1,2,4,1,0,11,4,1,0,Fleet Footwork,33,EUW1_7891532052
IRON,Warwick,0,8,12,9,0.548,130,3.9,12046,27399,0.227,51861,26,10,2,0,1,0,1,4,0,0,0,Lethal Tempo,33,EUW1_7891532052
BRONZE,Shyvana,1,7,6,14,0.525,187,5.6,14707,31692,0.200,33263,30,9,1,0,3,1,1,12,2,1,1,Press the Attack,33,EUW1_7891081707
BRONZE,Viego,0,6,8,10,0.471,189,5.6,13738,23204,0.186,39104,14,5,1,0,2,0,0,0,2,0,0,Conqueror,33,EUW1_7891081707
IRON,Amumu,0,2,7,3,0.500,92,4.8,7069,8324,0.201,19029,18,6,0,0,0,0,1,0,0,0,0,Aftershock,19,EUW1_7888562069
IRON,Ekko,1,4,2,6,0.333,141,7.3,8476,7687,0.112,15753,15,8,1,0,2,0,0,5,1,0,0,Dark Harvest,19,EUW1_7888562069
BRONZE,Dr. Mundo,1,15,3,13,0.571,196,5.7,17405,34007,0.221,56850,29,13,1,0,3,1,0,10,3,1,2,Fleet Footwork,34,EUW1_7887086002
IRON,Jarvan IV,0,8,9,12,0.476,208,6.1,15904,28234,0.170,44172,35,11,1,1,2,1,1,4,1,1,0,Conqueror,34,EUW1_7887086002
BRONZE,KhaZix,0,5,12,5,0.263,177,5.3,12728,15608,0.105,34981,11,7,0,0,0,0,0,4,0,0,0,Dark Harvest,33,EUW1_7883996971
BRONZE,Evelynn,1,15,9,9,0.364,194,5.8,15650,31803,0.196,32787,25,8,2,0,4,0,0,11,4,0,1,Dark Harvest,33,EUW1_7883996971
IRON,Rengar,1,6,2,3,0.225,201,7.1,11560,14767,0.138,17523,33,12,4,1,2,0,0,11,2,0,0,Conqueror,28,EUW1_7883273729
BRONZE,RekSai,0,4,9,3,0.368,153,5.4,10406,10750,0.142,36924,12,2,4,0,1,0,0,2,1,0,1,Hail of Blades,28,EUW1_7883273729
IRON,Nocturne,1,11,8,6,0.486,173,5.6,15360,20555,0.169,32530,25,7,1,0,4,1,0,9,4,1,1,Hail of Blades,1860,EUW1_7897268408
IRON,Kindred,0,1,10,1,0.047,149,4.8,9285,4804,0.049,30518,15,5,0,0,1,0,0,4,0,0,0,Conqueror,1860,EUW1_7897268408
IRON,Wukong,0,8,9,7,0.333,145,4.4,11794,20779,0.143,41422,15,8,0,0,1,0,0,3,1,0,0,Conqueror,1980,EUW1_7897238974
IRON,Sett,1,13,6,10,0.469,202,6.1,16780,44688,0.317,58104,19,7,0,0,4,0,1,11,3,0,1,Conqueror,1980,EUW1_7897238974
IRON,Nocturne,0,9,11,7,0.571,175,5.6,14248,23486,0.268,35066,13,5,0,0,1,0,1,3,1,0,1,Conqueror,1860,EUW1_7896188342
BRONZE,Vi,1,18,6,11,0.569,157,5.1,17109,29002,0.208,27413,29,9,3,0,3,2,0,9,3,2,4,Hail of Blades,1860,EUW1_7896188342
IRON,Nasus,0,1,6,1,0.286,72,3.4,5321,3842,0.112,26709,10,5,0,0,0,0,0,0,0,0,0,Fleet Footwork,1260,EUW1_7896158964
BRONZE,Kindred,1,6,1,8,0.467,161,7.7,9387,10861,0.154,16716,13,5,0,0,3,0,1,10,3,0,1,Conqueror,1260,EUW1_7896158964
IRON,Ekko,1,11,7,8,0.365,207,5.4,16292,23872,0.153,46002,36,13,4,0,6,1,0,11,5,1,0,Dark Harvest,2280,EUW1_7895300758
IRON,Sylas,0,5,9,9,0.4,215,5.7,15085,17743,0.152,44735,32,10,3,0,0,1,1,5,0,1,1,Conqueror,2280,EUW1_7895300758
IRON,Nocturne,0,8,10,16,0.407,166,4.5,13367,21541,0.171,43019,7,4,0,0,1,0,0,6,1,0,1,Conqueror,2220,EUW1_7889941599
IRON,Viego,1,10,7,5,0.405,249,6.7,17099,22582,0.156,39476,26,7,0,8,5,2,1,13,5,2,2,Conqueror,2220,EUW1_7889941599
IRON,Nocturne,0,12,10,4,0.364,197,4.9,16058,21574,0.147,41872,21,8,0,0,3,0,0,6,3,0,0,Hail of Blades,2400,EUW1_7889886912
BRONZE,Shaco,1,13,8,12,0.625,283,7.1,21091,28127,0.193,34228,41,3,4,1,2,1,0,13,1,1,5,Dark Harvest,2400,EUW1_7889886912
IRON,Nocturne,0,4,4,4,0.533,163,7.1,10538,8769,0.144,17295,15,4,1,0,0,0,0,2,0,0,0,Hail of Blades,1380,EUW1_7889845286
BRONZE,Warwick,1,7,1,7,0.483,193,8.4,12330,13075,0.18,26857,33,10,1,0,4,0,1,4,4,0,1,Lethal Tempo,1380,EUW1_7889845286
IRON,Nocturne,1,18,14,10,0.467,263,5.4,21391,40796,0.167,60952,32,12,2,0,5,1,0,10,3,1,0,Hail of Blades,2940,EUW1_7889770309
IRON,Warwick,0,8,9,15,0.59,227,4.6,17683,27765,0.135,72952,44,21,0,0,3,2,1,7,3,2,0,Lethal Tempo,2940,EUW1_7889770309
IRON,KhaZix,1,3,1,2,0.263,117,7.8,6273,4723,0.1,10753,7,4,0,0,0,0,0,1,0,0,0,Electrocute,900,EUW1_7889677203
BRONZE,Warwick,0,1,4,1,0.5,84,5.6,5072,4113,0.182,13747,8,0,3,0,1,0,0,0,1,0,0,Lethal Tempo,900,EUW1_7889677203
IRON,Xin Zhao,1,4,6,6,0.357,142,7.1,8008,11785,0.167,21582,19,8,0,0,1,0,0,5,1,0,0,Conqueror,1200,EUW1_7889637716
IRON,Ekko,0,2,3,3,0.556,92,4.6,6538,3766,0.098,17950,5,1,1,0,1,0,1,2,1,0,0,Dark Harvest,1200,EUW1_7889637716
IRON,Volibear,1,1,0,7,0.258,98,6.5,5554,2836,0.061,9445,6,2,0,0,2,0,0,5,2,0,0,Press the Attack,900,EUW1_7889603509
BRONZE,Master Yi,0,2,7,1,0.5,65,4.3,4792,5290,0.203,12197,10,4,0,0,0,0,0,0,0,0,0,Hail of Blades,900,EUW1_7889603509
IRON,Amumu,0,2,13,9,0.55,146,4.9,9627,17191,0.168,35969,6,1,0,0,2,0,0,3,1,0,0,Press the Attack,1800,EUW1_7889535409
BRONZE,Nocturne,1,10,5,19,0.63,143,4.8,13062,25861,0.17,37236,41,17,3,0,2,1,0,6,1,1,0,Conqueror,1800,EUW1_7889535409
IRON,Master Yi,1,4,3,7,0.379,124,6.2,8782,8140,0.105,16355,17,6,0,0,3,0,1,5,2,0,0,Conqueror,1200,EUW1_7888820832
BRONZE,Xin Zhao,0,3,7,4,0.5,71,3.6,6541,6751,0.146,18520,16,4,0,0,0,0,0,1,0,0,0,Conqueror,1200,EUW1_7888820832
BRONZE,Vi,1,5,6,9,0.286,210,6.8,13737,14267,0.103,25113,31,11,2,0,2,0,1,13,2,0,3,Hail of Blades,1860,EUW1_7888202940
IRON,Master Yi,0,8,8,7,0.484,186,6.0,14941,15446,0.14,33565,8,3,0,0,2,0,0,1,2,0,0,Conqueror,1860,EUW1_7888202940
BRONZE,Master Yi,0,0,4,1,1.0,109,6.1,5465,4515,0.171,11393,5,1,0,0,0,0,0,0,0,0,0,Hail of Blades,1080,EUW1_7888181296
IRON,Ekko,1,3,1,4,0.368,131,7.3,7560,2443,0.057,15394,16,5,1,0,2,0,1,4,2,0,0,Dark Harvest,1080,EUW1_7888181296
BRONZE,Shyvana,1,14,7,12,0.578,219,5.9,18331,30053,0.215,43613,26,11,1,0,5,2,1,12,1.0,1.0,0.25,Conqueror,2160,EUW1_7897468669
BRONZE,Master Yi,0,10,8,9,0.5,257,7.0,16014,19397,0.126,33686,33,4,1,2,1,0,0,3,1.0,0.0,0.0,Lethal Tempo,2160,EUW1_7897468669
BRONZE,Evelynn,1,2,5,5,0.292,105,5.1,7389,7261,0.117,15931,19,4,2,2,3,0,1,5,1.0,0.0,0.2,Electrocute,1200,EUW1_7897447963
BRONZE,Kayn,0,4,4,6,0.588,122,5.9,8358,12323,0.247,16476,20,9,0,3,0,0,0,2,0.0,0.0,0.0,Dark Harvest,1200,EUW1_7897447963
BRONZE,Kayn,0,6,13,5,0.355,170,5.3,11711,18006,0.146,30325,34,9,3,3,0,0,0,2,0.0,0.0,0.0,Dark Harvest,1920,EUW1_7897434755
BRONZE,Graves,1,18,6,10,0.467,235,7.3,18267,37891,0.26,28508,25,10,2,1,4,1,0,11,0.75,1.0,0.0,Dark Harvest,1920,EUW1_7897434755
BRONZE,Wukong,0,3,7,6,0.346,236,6.5,12942,12128,0.089,35262,37,6,5,6,0,0,0,7,0.0,0.0,0.0,Conqueror,2160,EUW1_7896390182
BRONZE,Kayn,1,16,5,5,0.583,227,6.3,18682,38471,0.329,29521,34,5,6,2,5,1,1,10,0.8,1.0,0.3,Dark Harvest,2160,EUW1_7896390182
BRONZE,Xin Zhao,0,5,8,7,0.48,156,5.5,11318,20947,0.199,41132,39,10,4,3,1,0,0,2,1.0,0.0,0.0,Lethal Tempo,1680,EUW1_7896387784
BRONZE,Kayn,1,11,4,6,0.395,202,7.2,13951,24309,0.178,24959,32,6,5,5,2,0,1,7,1.0,0.0,0.143,Dark Harvest,1680,EUW1_7896387784
BRONZE,Kayn,1,6,14,15,0.412,225,5.9,16064,26937,0.135,48609,21,4,0,2,3,1,0,10,0.333,1.0,0.0,Conqueror,2280,EUW1_7896047138
BRONZE,Nocturne,0,10,12,23,0.471,198,5.2,17067,36268,0.207,56242,42,18,4,0,3,0,0,5,1.0,0.0,0.2,Hail of Blades,2280,EUW1_7896047138
BRONZE,Viego,0,2,1,0,0.5,28,4.9,2516,1167,0.146,2872,4,2,0,0,0,0,0,0,0.0,0.0,0.0,Hail of Blades,300,EUW1_7896024136
BRONZE,Nocturne,1,1,0,1,0.286,29,5.1,2274,838,0.087,2283,1,0,0,0,0,0,0,0,0.0,0.0,0.0,Conqueror,300,EUW1_7896024136
BRONZE,Viego,0,20,6,11,0.633,294,6.9,24076,50807,0.283,40491,44,6,5,4,3,1,1,8,0.667,1.0,0.25,Conqueror,2520,EUW1_7895955937
SILVER,Master Yi,1,16,14,6,0.595,213,5.0,20643,34239,0.204,57542,64,22,6,0,3,1,0,12,0.667,1.0,0.167,Lethal Tempo,2520,EUW1_7895955937
BRONZE,Kayn,1,11,5,12,0.575,227,7.2,16709,21832,0.198,30957,48,7,9,5,3,2,0,10,1.0,0.5,0.2,Dark Harvest,1860,EUW1_7895660726
BRONZE,Wukong,0,10,6,6,0.667,175,5.6,14364,21016,0.227,32755,26,5,3,2,2,0,1,2,1.0,0.0,0.0,Conqueror,1860,EUW1_7895660726
BRONZE,Kayn,0,4,5,4,0.5,141,5.8,8507,13867,0.202,18443,29,11,0,4,1,0,0,3,1.0,0.0,0.0,Dark Harvest,1440,EUW1_7895630225
SILVER,Briar,1,7,1,3,0.313,160,6.6,11043,9148,0.116,17532,13,3,2,1,2,0,1,6,0.0,0.0,0.167,Press the Attack,1440,EUW1_7895630225
BRONZE,Kayn,0,1,5,3,0.667,99,4.9,5871,7013,0.22,15878,27,11,1,5,0,0,0,0,0.0,0.0,0.0,Dark Harvest,1200,EUW1_7895604812
BRONZE,Vayne,1,5,0,3,0.421,153,7.6,9770,6432,0.127,12021,26,7,2,0,2,0,1,6,0.5,0.0,0.0,Lethal Tempo,1200,EUW1_7895604812
BRONZE,Kayn,1,10,6,7,0.425,153,7.0,10046,16212,0.188,21391,28,6,2,4,2,0,0,6,0.5,0.0,0.0,Dark Harvest,1260,EUW1_7894615342
BRONZE,Diana,0,3,7,2,0.217,105,4.8,7561,6830,0.113,22498,11,4,2,0,1,0,1,3,1.0,0.0,0.0,Conqueror,1260,EUW1_7894615342
BRONZE,Viego,0,8,8,6,0.326,127,4.0,12136,19478,0.123,35346,21,11,0,0,1,0,1,4,1.0,0.0,0.0,Conqueror,1920,EUW1_7894572962
BRONZE,Kayn,1,17,6,8,0.463,215,6.7,17112,37941,0.224,43756,22,4,3,1,3,1,0,11,1.0,0.0,0.091,Conqueror,1920,EUW1_7894572962
BRONZE,Diana,0,4,11,0,0.444,104,4.1,7624,11342,0.188,26795,20,10,2,0,1,0,0,1,1.0,0.0,0.0,Conqueror,1500,EUW1_7894360755
BRONZE,Viego,1,12,2,4,0.5,158,6.3,12046,17642,0.2,19286,27,5,4,3,2,0,1,7,1.0,0.0,0.0,Conqueror,1500,EUW1_7894360755
BRONZE,Kayn,0,12,10,5,0.459,249,6.0,17600,40663,0.227,50923,52,7,10,5,4,0,0,5,1.0,0.0,0.0,Dark Harvest,2460,EUW1_7894323471
IRON,Nocturne,1,16,10,4,0.465,257,6.2,19966,43121,0.279,46919,20,10,3,0,3,3,1,9,1.0,0.667,0.0,Hail of Blades,2460,EUW1_7894323471
BRONZE,Kayn,0,6,4,2,0.8,108,7.0,7427,6981,0.262,12057,12,4,2,3,0,0,0,0,0.0,0.0,0.0,Dark Harvest,900,EUW1_7894306861
BRONZE,Shyvana,1,6,2,4,0.385,78,5.1,5775,6803,0.143,7312,13,4,0,0,2,0,0,2,1.0,0.0,0.0,Press the Attack,900,EUW1_7894306861
SILVER,Lillia,0,5,9,6,0.524,174,5.7,11655,24771,0.28,48636,32,9,0,1,1,0,0,2,1.0,0.0,0.0,Conqueror,1800,EUW1_7893469132
BRONZE,Kayn,1,11,6,7,0.391,249,8.2,15537,25540,0.193,31121,39,8,5,6,4,1,1,10,0.75,1.0,0.1,Dark Harvest,1800,EUW1_7893469132
SILVER,Diana,true,16,7,7,0.575,268,7.8,18096,34939,0.207,36051,24,9,1,0,1,0,1,8,1,0,1,Conqueror,34,EUW1_7896435939
SILVER,Teemo,false,4,4,12,0.432,214,6.2,13096,31565,0.228,22270,50,16,5,2,3,0,0,4,2,0,0,Dark Harvest,34,EUW1_7896435939
SILVER,Diana,true,14,4,9,0.639,186,7.2,13874,26443,0.273,19639,13,5,1,0,2,0,1,8,2,0,1,Conqueror,25,EUW1_7896419310
SILVER,Volibear,false,4,8,4,0.5,143,5.6,9666,13732,0.236,28145,20,8,1,0,2,0,0,0,2,0,0,Lethal Tempo,25,EUW1_7896419310
SILVER,Diana,true,17,4,12,0.630,189,6.9,15849,30521,0.283,28216,16,5,1,0,3,1,0,9,3,0,2,Conqueror,27,EUW1_7895442094
SILVER,Shaco,false,2,8,7,0.375,153,5.6,9882,11642,0.150,25698,12,0,2,0,1,0,1,3,1,0,0,Hail of Blades,27,EUW1_7895442094
SILVER,Viego,true,17,3,6,0.460,182,7.6,13091,26429,0.272,25599,18,4,1,1,2,0,0,10,2,0,0,Press the Attack,24,EUW1_7895425059
BRONZE,Wukong,false,4,6,4,0.348,89,3.7,8119,10704,0.127,20475,10,6,0,0,1,0,0,1,1,0,0,Conqueror,24,EUW1_7895425059
SILVER,Diana,false,0,0,0,0.0,33,6.2,1776,508,0.092,2116,1,0,0,0,0,0,0,0,0,0,0,Conqueror,5,EUW1_7895417066
BRONZE,Lillia,true,0,0,0,0.0,40,7.5,1911,0,0.0,2778,5,2,0,0,0,0,0,0,0,0,0,Conqueror,5,EUW1_7895417066
BRONZE,Rammus,true,1,4,16,0.567,169,5.7,11349,13596,0.152,23424,33,13,2,1,0,1,1,10,0,1,3,Aftershock,29,EUW1_7895401348
SILVER,Zac,false,2,6,12,0.424,136,4.6,9784,10590,0.107,33325,17,6,2,0,3,0,0,5,2,0,0,Aftershock,29,EUW1_7895401348
BRONZE,Udyr,false,20,14,10,0.469,282,5.6,23782,53647,0.214,64909,51,22,2,0,4,1,1,8,2,1,0,Press the Attack,50,EUW1_7895387865
SILVER,Viego,true,24,13,13,0.597,280,5.6,26922,67492,0.279,69881,31,4,6,1,4,1,0,12,1,1,1,Press the Attack,50,EUW1_7895387865
BRONZE,Lee Sin,false,4,11,5,0.265,141,4.4,10437,9354,0.094,37827,20,12,1,0,1,0,0,0,1,0,0,Conqueror,32,EUW1_7895373411
BRONZE,Kayn,true,12,4,9,0.477,206,6.4,14992,35078,0.251,32921,25,9,0,2,4,1,1,11,3,1,1,Dark Harvest,32,EUW1_7895373411
GOLD,Fizz,true,6,3,9,0.333,218,6.3,14348,19614,0.118,25037,15,11,0,0,3,1,0,9,3,0,1,Press the Attack,34,EUW1_7894188732
SILVER,Jarvan IV,false,11,8,8,0.514,177,5.1,14458,25833,0.190,50913,34,12,2,0,2,0,1,4,1,0,1,Conqueror,34,EUW1_7894188732
SILVER,Hecarim,false,3,10,1,0.308,130,4.8,8533,10305,0.130,37307,18,7,0,0,1,0,0,2,1,0,0,Stormraiders Surge,26,EUW1_7894174847
SILVER,Zed,true,7,0,12,0.388,211,7.9,13516,26273,0.190,24139,27,6,2,0,3,0,0,11,2,0,0,First Strike,26,EUW1_7894174847
SILVER,Teemo,false,4,5,6,0.625,134,6.3,8622,15332,0.289,16831,18,8,1,0,1,0,1,2,1,0,0,Press the Attack,21,EUW1_7893421295
SILVER,Talon,true,4,2,1,0.192,117,5.5,7746,5353,0.073,16208,13,7,1,1,1,1,0,6,1,1,0,Electrocute,21,EUW1_7893421295
SILVER,Graves,false,6,6,1,0.412,130,4.9,11099,10772,0.163,18766,20,7,2,0,3,0,0,1,3,0,0,Dark Harvest,26,EUW1_7893383952
SILVER,Vi,true,2,1,6,0.205,139,5.3,8506,4363,0.051,14264,11,5,0,2,0,1,0,9,0,1,1,Conqueror,26,EUW1_7893383952
BRONZE,Viego,false,6,5,5,0.786,153,5.5,11352,13339,0.226,23586,16,4,0,1,2,0,0,1,2,0,0,Conqueror,27,EUW1_7893345664
BRONZE,Lee Sin,true,6,2,7,0.371,181,6.6,11273,9029,0.098,21622,30,11,3,1,2,0,1,9,2,0,1,Conqueror,27,EUW1_7893345664
BRONZE,Jax,false,2,7,4,0.6,74,4.2,5779,9435,0.216,15843,12,7,0,0,0,0,0,1,0,0,0,Lethal Tempo,17,EUW1_7893322156
SILVER,Warwick,true,10,4,5,0.652,85,4.8,8462,9196,0.170,15890,16,6,0,0,2,0,0,3,2,0,0,Press the Attack,17,EUW1_7893322156
BRONZE,Tryndamere,false,3,10,0,0.429,140,5.9,8860,5973,0.139,26970,17,7,0,0,0,0,0,1,0,0,0,Electrocute,23,EUW1_7893297225
SILVER,Shaco,true,14,3,5,0.514,161,6.8,12262,14448,0.198,15800,13,5,2,0,3,1,1,6,2,1,0,Dark Harvest,23,EUW1_7893297225
SILVER,Kayn,false,9,9,4,0.433,225,6.6,14646,31411,0.223,35075,33,7,6,1,2,0,0,4,2,0,1,Dark Harvest,34,EUW1_7893161063
SILVER,Diana,true,15,0,5,0.606,279,8.2,17936,26604,0.238,20436,32,10,2,0,3,1,1,7,3,1,1,Conqueror,34,EUW1_7893161063
IRON,Aatrox,false,4,10,7,0.44,181,5.7,11725,19217,0.189,37220,28,9,2,0,2,0,1,4,1,0,0,Conqueror,31,EUW1_7893152803
SILVER,Viego,true,16,7,5,0.583,251,7.9,18365,26650,0.252,37003,29,12,1,0,2,1,0,11,1,1,2,Conqueror,31,EUW1_7893152803
SILVER,Dr. Mundo,true,7,2,12,0.5,218,7.0,14679,29777,0.205,34193,28,9,3,0,2,0,0,10,1,0,5,Fleet Footwork,31,EUW1_7893149614
BRONZE,Lee Sin,false,2,5,2,0.333,127,4.1,8871,6116,0.081,22428,33,9,3,3,0,0,1,3,0,0,1,Conqueror,31,EUW1_7893149614
IRON,Master Yi,false,5,13,7,0.444,125,4.1,10147,14924,0.134,33152,7,2,1,0,2,0,0,3,2,0,0,Lethal Tempo,30,EUW1_7893142489
IRON,Elise,true,7,6,11,0.346,122,4.0,10913,16387,0.119,25003,17,8,0,0,1,0,0,8,1,0,0,Dark Harvest,30,EUW1_7893142489
IRON,Talon,1,2,1,1,0.158,102,6.4,5723,2856,0.086,11372,15,7,0,2,2,0,0,2,2,0,0,Fleet Footwork,960,EUW1_7894193250
BRONZE,Master Yi,0,1,3,0,0.25,96,6.0,5045,1797,0.091,10451,13,5,0,0,0,0,0,0,0,0,0,Hail of Blades,960,EUW1_7894193250
SILVER,Briar,0,2,10,4,0.353,80,3.6,7769,8785,0.135,17950,15,6,0,0,0,0,0,0,0,0,0,Hail of Blades,1320,EUW1_7896045409
SILVER,Master Yi,1,8,3,7,0.455,140,6.3,10055,13080,0.158,17538,6,1,0,1,3,0,1,10,0.667,0.0,0.1,Lethal Tempo,1320,EUW1_7896045409
GOLD,Warwick,1,11,7,14,0.424,271,7.1,18436,38507,0.192,60052,37,14,3,0,4,1,0,10,1.0,1.0,0.1,Lethal Tempo,2280,EUW1_7882980414
SILVER,Shyvana,0,6,8,11,0.415,227,5.9,16643,29546,0.185,48946,17,3,2,0,2,1,1,7,1.0,1.0,0.0,Conqueror,2280,EUW1_7882980414
SILVER,Shyvana,1,1,0,2,0.125,146,7.8,7081,1522,0.033,7315,15,5,1,1,1,0,0,4,0.0,0.0,0.5,Conqueror,1080,EUW1_7882940267
GOLD,BelVeth,0,0,4,1,0.25,108,5.7,5635,1663,0.068,14882,12,0,5,0,1,0,1,0,1.0,0.0,0.0,Conqueror,1080,EUW1_7882940267
SILVER,BelVeth,1,10,5,13,0.535,145,5.4,12296,19065,0.159,33564,22,0,7,0,2,1,1,8,1.0,0.0,0.25,Conqueror,1620,EUW1_7874551630
SILVER,Shyvana,0,2,8,4,0.261,158,5.8,8803,10850,0.103,27617,19,4,1,2,1,0,0,1,1.0,0.0,0.0,Conqueror,1620,EUW1_7874551630
GOLD,BelVeth,1,4,4,5,0.333,183,7.4,10355,13132,0.138,19883,10,5,1,0,2,0,0,7,1.0,0.0,0.0,Conqueror,1440,EUW1_7873911328
SILVER,Shyvana,0,5,6,4,0.563,180,7.3,10387,10941,0.173,24676,26,8,1,0,1,0,1,2,1.0,0.0,0.0,Conqueror,1440,EUW1_7873911328
SILVER,Shyvana,1,13,1,8,0.5,200,7.5,14482,21925,0.188,17498,22,8,3,0,3,1,1,8,1.0,1.0,0.25,Conqueror,1560,EUW1_7873369312
SILVER,Poppy,0,2,8,5,0.35,138,5.2,8707,10508,0.123,27661,31,8,1,0,0,0,0,3,0.0,0.0,0.0,Dark Harvest,1560,EUW1_7873369312
SILVER,Nocturne,0,5,7,4,0.474,162,6.2,10325,16437,0.280,26138,18,3,3,1,0,0,0,3,0.0,0.0,0.0,Conqueror,1560,EUW1_7873311008
GOLD,Vi,1,8,2,4,0.375,211,8.1,12629,15523,0.171,16876,17,7,0,0,4,1,1,6,1.0,1.0,0.0,Hail of Blades,1560,EUW1_7873311008
SILVER,Shyvana,0,5,10,4,0.3,171,6.1,10357,12794,0.131,30685,21,5,4,1,1,0,0,0,1.0,0.0,0.0,Conqueror,1620,EUW1_7872958974
GOLD,Teemo,1,13,5,13,0.553,194,6.9,15968,27050,0.188,21800,32,4,6,3,3,1,1,9,1.0,1.0,0.111,Dark Harvest,1620,EUW1_7872958974
SILVER,Nocturne,1,8,8,13,0.583,253,6.4,17416,28282,0.175,49634,30,3,3,1,3,2,0,10,0.667,0.5,0.1,Conqueror,2340,EUW1_7870885983
GOLD,Viego,0,14,11,9,0.605,203,5.1,18425,37364,0.248,50514,28,11,2,0,1,1,1,5,0.0,0.0,0.2,Conqueror,2340,EUW1_7870885983
GOLD,Viego,0,13,8,12,0.625,231,5.4,18661,30421,0.178,52413,40,4,8,6,1,1,0,8,0.0,1.0,0.0,Conqueror,2520,EUW1_7869924529
SILVER,Shyvana,1,7,8,12,0.463,330,7.8,18748,35256,0.203,45493,44,4,6,2,5,1,1,9,0.8,0.0,0.111,Conqueror,2520,EUW1_7869924529
SILVER,Sejuani,0,2,6,3,0.385,127,6.0,7431,8390,0.186,21067,16,6,0,0,0,0,0,1,0.0,0.0,0.0,Conqueror,1260,EUW1_7869889938
GOLD,Kayn,1,11,3,4,0.682,119,5.6,10151,15313,0.209,20976,15,5,2,1,3,0,1,5,1.0,0.0,0.2,Conqueror,1260,EUW1_7869889938
SILVER,Naafiri,0,13,8,7,0.455,230,6.2,16980,18337,0.135,35390,25,8,1,0,2,1,1,11,1.0,1.0,0.182,Press the Attack,2220,EUW1_7867869602
SILVER,Shyvana,1,7,4,20,0.711,239,6.4,17113,18591,0.143,30646,47,16,7,1,3,1,0,11,1.0,0.0,0.091,Press the Attack,2220,EUW1_7867869602
BRONZE,Master Yi,1,12,8,7,0.442,173,6.1,12912,23401,0.207,29457,24,8,4,0,2,1,0,10,1.0,1.0,0.2,Lethal Tempo,1680,EUW1_7867806751
SILVER,Shyvana,0,9,9,3,0.545,189,6.6,13085,18606,0.219,33312,22,4,2,1,1,0,0,1,1.0,0.0,0.0,Press the Attack,1680,EUW1_7867806751
SILVER,Shyvana,0,5,7,4,0.45,200,7.0,10994,14595,0.144,30087,21,3,6,1,0,0,0,1,0.0,0.0,0.0,Press the Attack,1680,EUW1_7867066474
SILVER,Briar,1,7,3,7,0.4,212,7.4,13536,13871,0.121,35092,27,9,3,0,4,1,1,10,1.0,1.0,0.0,Lethal Tempo,1680,EUW1_7867066474
GOLD,Naafiri,0,2,11,6,0.364,171,5.2,10769,12723,0.124,29922,22,2,6,0,1,0,0,4,1.0,0.0,0.0,Conqueror,1920,EUW1_7867005942
SILVER,Nocturne,1,10,2,13,0.523,239,7.3,15452,19587,0.149,35099,17,3,3,1,3,1,1,8,1.0,1.0,0.0,Press the Attack,1920,EUW1_7867005942
SILVER,Shyvana,0,9,6,2,0.524,165,6.0,12424,15106,0.215,28202,29,11,3,0,1,0,0,0,1,0,0,Conqueror,27,EUW1_7897081125
SILVER,Diana,1,8,5,7,0.441,214,7.8,13268,21253,0.205,22685,15,7,0,2,3,1,1,10,3,1,2,Conqueror,27,EUW1_7897081125
SILVER,Shyvana,0,8,10,8,0.615,192,5.9,14869,34367,0.269,54119,16,7,0,1,0,0,1,1,0,0,0,Conqueror,32,EUW1_7897014930
SILVER,Kayn,1,8,4,15,0.434,217,6.7,14800,29109,0.166,40772,29,13,2,0,5,0,0,11,5,0,0,Conqueror,32,EUW1_7897014930
SILVER,Jax,1,16,15,14,0.612,232,5.5,23056,43293,0.205,61747,22,5,4,2,4,1,0,10,1,0,5,Conqueror,41,EUW1_7896936283
SILVER,Warwick,0,14,8,16,0.577,267,6.4,20732,38710,0.196,71882,42,14,5,0,3,2,1,9,3,1,1,Lethal Tempo,41,EUW1_7896936283
SILVER,Viego,1,18,5,6,0.471,209,6.3,16935,35763,0.244,50126,42,10,5,8,5,1,0,8,5,1,2,Hail of Blades,33,EUW1_7896059429
SILVER,Karthus,0,2,13,6,0.364,147,4.4,10543,44887,0.326,39240,25,11,1,0,0,0,1,6,0,0,0,Deathfire Touch,33,EUW1_7896059429
SILVER,Warwick,0,6,6,3,0.529,212,7.3,11524,11001,0.168,29016,11,1,2,0,1,0,0,3,1,0,0,Lethal Tempo,29,EUW1_7895999880
SILVER,Shyvana,1,4,3,11,0.517,203,7.0,12265,15627,0.150,22398,36,7,3,2,3,1,1,8,2,1,2,Conqueror,29,EUW1_7895999880
SILVER,Kayn,1,20,21,12,0.471,194,4.2,20900,54465,0.210,67727,25,12,0,0,4,1,0,10,2,1,1,Conqueror,46,EUW1_7895839827
SILVER,Shaco,0,17,14,10,0.375,301,6.4,21830,40939,0.173,50945,36,1,11,1,3,1,0,10,3,1,1,Hail of Blades,46,EUW1_7895839827
SILVER,Sylas,0,5,9,9,0.609,163,4.9,11633,19225,0.161,51164,29,11,1,3,1,0,0,1,1,0,0,Conqueror,33,EUW1_7895682676
SILVER,Shyvana,1,8,6,14,0.647,254,7.7,16252,34862,0.248,45865,32,10,6,0,4,1,1,7,1,0,2,Press the Attack,33,EUW1_7895682676
SILVER,Diana,1,18,12,12,0.517,354,7.9,23517,55522,0.242,66189,63,23,5,0,4,2,0,10,4,2,1,Conqueror,44,EUW1_7895624783
SILVER,Sylas,0,13,12,12,0.595,217,4.8,18762,46404,0.214,86420,34,13,1,1,2,0,1,13,2,0,0,Conqueror,44,EUW1_7895624783
SILVER,Sylas,0,13,9,15,0.778,145,4.4,15013,46266,0.351,54945,30,12,2,2,1,0,1,5,1,0,0,Conqueror,32,EUW1_7895577908
SILVER,Nocturne,1,10,6,12,0.579,220,6.7,15312,26849,0.185,46755,42,11,5,0,4,2,0,11,4,1,1,Conqueror,32,EUW1_7895577908
SILVER,Viego,0,0,4,1,0.500,80,5.2,4260,1185,0.053,11538,8,4,0,0,0,0,0,0,0,0,0,Conqueror,15,EUW1_7895451324
SILVER,Wukong,1,5,1,3,0.421,100,6.5,6546,6115,0.134,9597,14,6,1,2,1,0,0,2,1,0,1,Conqueror,15,EUW1_7895451324
SILVER,Wukong,1,6,4,9,0.333,155,5.6,11396,9894,0.093,29769,20,9,0,3,4,1,1,11,4,0,2,Conqueror,27,EUW1_7895431364
SILVER,Quinn,0,6,8,4,0.476,207,7.5,12947,14089,0.150,25084,21,1,3,2,0,0,0,2,0,0,0,Dark Harvest,27,EUW1_7895431364
SILVER,Zyra,0,2,6,1,0.231,106,4.8,7584,8007,0.166,15204,28,11,2,4,0,0,0,1,0,0,0,Electrocute,21,EUW1_7895413919
SILVER,Viego,1,5,1,1,0.162,185,8.4,10498,5698,0.076,14884,13,3,3,3,3,0,1,11,3,0,3,Hail of Blades,21,EUW1_7895413919
SILVER,Master Yi,0,8,10,5,0.371,222,6.6,15413,20051,0.136,50060,32,3,6,2,3,1,1,9,3,1,0,Lethal Tempo,33,EUW1_7895153395
SILVER,Viego,1,14,6,5,0.413,193,5.7,15789,17228,0.126,33499,18,0,8,0,2,0,0,8,1,0,0,Conqueror,33,EUW1_7895153395
SILVER,Nasus,1,7,7,16,0.469,210,5.8,15309,22477,0.146,58250,23,5,4,1,3,1,1,11,3,1,1,Fleet Footwork,36,EUW1_7895099504
SILVER,Zac,0,8,7,13,0.477,189,5.2,14761,24070,0.152,49331,36,14,2,2,2,1,0,5,2,1,0,Aftershock,36,EUW1_7895099504
SILVER,Yorick,1,11,7,14,0.397,302,6.7,21409,48840,0.201,60607,43,18,2,0,5,1,0,10,4,1,4,Conqueror,45,EUW1_7894994705
SILVER,Shaco,0,18,18,5,0.523,185,4.1,21312,47949,0.223,59588,24,0,5,1,2,1,1,3,2,0,0,Hail of Blades,45,EUW1_7894994705
BRONZE,Shyvana,1,9,3,12,0.447,238,7.2,16160,23137,0.151,34278,29,11,4,2,4,1,1,11,4,1,1,Press the Attack,33,EUW1_7894923160
SILVER,Viego,0,12,13,6,0.563,188,5.7,16254,29195,0.214,39756,23,3,5,3,0,0,0,4,0,0,0,Hail of Blades,33,EUW1_7894923160
BRONZE,Briar,0,10,11,7,0.298,263,5.84,17424,28016,0.146,66661,24,9,0,0,3,0,0,11,3,0,0,Press the Attack,2700,EUW1_7895646351
BRONZE,Shaco,1,17,12,16,0.611,222,4.93,19831,74313,0.347,47713,55,5,3,2,3,1,1,9,2,1,0,Hail of Blades,2700,EUW1_7895646351
IRON,Quinn,1,8,11,10,0.383,125,3.91,11152,24190,0.169,26996,13,6,0,0,1,0,0,10,0,0,0,Press the Attack,1920,EUW1_7895613085
IRON,Hecarim,0,9,8,2,0.379,222,6.94,14735,17885,0.210,46963,16,3,2,0,3,0,1,2,2,0,1,Stormraiders Surge,1920,EUW1_7895613085
IRON,Udyr,1,7,0,4,0.268,167,5.76,12164,20815,0.150,24151,10,5,0,0,1,1,1,11,1,1,1,Conqueror,1740,EUW1_7895569485
BRONZE,Amumu,0,4,10,6,0.455,173,5.97,11945,10185,0.142,33700,19,9,0,0,3,0,0,3,3,0,0,Aftershock,1740,EUW1_7895569485
IRON,Nasus,0,2,9,4,0.750,93,4.43,6543,7582,0.231,25219,13,5,1,0,0,0,0,1,0,0,0,Fleet Footwork,1260,EUW1_7895543557
IRON,Xin Zhao,1,3,5,4,0.292,104,4.95,7246,7671,0.127,19631,13,7,0,0,2,0,1,7,1,0,0,Lethal Tempo,1260,EUW1_7895543557
IRON,Warwick,0,3,4,1,0.400,64,4.00,5077,3419,0.130,11138,4,2,0,0,0,0,0,0,0,0,0,Lethal Tempo,960,EUW1_7892334973
IRON,Diana,1,0,0,0,0.000,123,7.69,5511,734,0.020,6906,22,5,1,0,2,0,1,2,2,0,0,Conqueror,960,EUW1_7892334973
IRON,Warwick,0,2,7,4,0.316,119,4.96,7995,6634,0.127,21284,12,4,2,0,0,0,0,0,0,0,0,Lethal Tempo,1440,EUW1_7892297144
BRONZE,Mordekaiser,1,4,2,4,0.296,182,7.58,10328,14784,0.211,20873,18,6,0,0,4,0,1,7,4,0,1,Press the Attack,1440,EUW1_7892297144
BRONZE,Viego,1,6,0,4,0.385,191,8.30,12145,10557,0.170,15788,20,8,0,0,2,1,1,11,2,1,4,Conqueror,1380,EUW1_7892276054
IRON,KhaZix,0,3,7,1,0.364,92,4.00,7810,5363,0.089,20477,11,5,0,0,0,0,0,2,0,0,0,Dark Harvest,1380,EUW1_7892276054
IRON,Master Yi,0,7,9,7,0.259,280,5.96,18355,21218,0.118,33784,28,7,2,0,1,2,0,12,0,1,0,Lethal Tempo,2820,EUW1_7892235697
IRON,Nocturne,1,7,16,12,0.475,188,4.00,17855,24515,0.179,58097,26,11,0,0,5,1,1,10,4,0,2,Lethal Tempo,2820,EUW1_7892235697
IRON,Warwick,0,8,6,1,0.643,112,4.00,10725,14152,0.228,23535,14,5,0,0,0,0,0,3,0,0,0,Lethal Tempo,1680,EUW1_7892201449
BRONZE,Shyvana,1,5,1,2,0.368,204,7.29,12094,8435,0.153,25843,24,9,0,0,4,1,1,8,4,1,2,Conqueror,1680,EUW1_7892201449
IRON,Warwick,0,2,6,0,0.500,87,3.63,6538,4542,0.140,17737,13,5,0,0,0,0,0,0,0,0,0,Lethal Tempo,1440,EUW1_7892189547
BRONZE,KhaZix,1,2,2,3,0.278,183,7.63,10290,6021,0.105,21734,21,10,0,0,3,1,1,11,3,0,0,First Strike,1440,EUW1_7892189547
IRON,Warwick,0,2,6,5,0.269,114,4.56,8206,4049,0.052,18382,13,5,0,0,0,0,0,4,0,0,0,Lethal Tempo,1500,EUW1_7892164439
IRON,Diana,1,2,2,10,0.387,211,8.44,11062,10622,0.116,16719,15,3,1,1,4,1,1,10,4,1,1,Conqueror,1500,EUW1_7892164439
IRON,Warwick,0,0,4,1,0.125,71,4.73,4150,3041,0.103,11550,8,2,1,0,0,0,0,0,0,0,0,Lethal Tempo,900,EUW1_7892147206
IRON,Warwick,0,2,8,1,0.214,100,4.17,6943,5903,0.097,21013,6,4,0,0,0,0,0,0,0,0,0,Lethal Tempo,1440,EUW1_7892136088
BRONZE,Rammus,1,3,2,11,0.609,169,7.04,10644,11664,0.149,19688,9,4,0,0,4,0,1,9,4,0,0,Aftershock,1440,EUW1_7892136088
IRON,Warwick,0,4,8,2,0.600,85,4.05,7150,7723,0.250,18085,7,4,0,0,0,0,0,0,0,0,0,Lethal Tempo,1260,EUW1_7892129670
BRONZE,Jarvan IV,1,7,3,5,0.522,163,7.76,10591,8832,0.174,17849,22,9,0,0,3,1,1,5,2,0,0,Conqueror,1260,EUW1_7892129670
BRONZE,Sylas,1,10,6,7,0.607,184,6.57,13287,25828,0.310,36378,24,8,0,0,4,1,0,9,4,1,0,Conqueror,1680,EUW1_7892114402
IRON,Warwick,0,4,9,2,0.300,120,4.29,9276,9611,0.117,25779,11,4,0,0,0,0,0,2,0,0,0,Lethal Tempo,1680,EUW1_7892114402
IRON,Warwick,0,6,6,1,0.241,128,4.74,9775,5455,0.079,21209,12,4,0,0,0,0,0,3,0,0,0,Lethal Tempo,1620,EUW1_7892113602
IRON,Malphite,1,6,5,7,0.464,131,4.85,10020,13507,0.141,16220,28,10,1,0,4,0,0,9,3,0,1,Dark Harvest,1620,EUW1_7892113602
GOLD,Vi,0,15,8,5,0.526,221,6.3,17312,33272,0.283,36296,37,20,4,0,3,0,0,3,1.0,0.0,0.0,Hail of Blades,2100,EUW1_7891851165
GOLD,Skarner,1,3,4,10,0.351,196,5.6,12738,10833,0.082,34049,26,6,6,5,2,2,0,12,0.5,1.0,0.0,Aftershock,2100,EUW1_7891851165
GOLD,Taric,1,1,6,20,0.618,107,3.6,9165,6713,0.054,32014,22,9,2,2,1,1,0,9,1.0,1.0,0.111,Glacial Augment,1800,EUW1_7891791252
SILVER,Vi,0,2,7,8,0.37,166,5.5,10751,11042,0.095,35515,25,2,3,0,4,0,1,7,0.5,0.0,0.143,Conqueror,1800,EUW1_7891791252
GOLD,Rengar,1,4,3,5,0.429,94,6.3,6665,6948,0.21,10169,11,5,2,0,0,0,0,1,0.0,0.0,0.0,First Strike,900,EUW1_7891632387
GOLD,KhaZix,0,3,5,3,0.75,96,6.4,7175,4728,0.238,16167,7,0,3,0,1,0,0,0,1.0,0.0,0.0,First Strike,900,EUW1_7891632387
SILVER,Kindred,0,3,11,7,0.294,202,5.8,12122,21661,0.175,36955,32,10,4,0,3,0,1,3,1.0,0.0,0.0,Press the Attack,2100,EUW1_7891586836
PLATINUM,Shaco,1,12,6,10,0.5,231,6.6,17064,27278,0.185,24080,42,10,6,3,3,1,0,11,1.0,1.0,0.182,Hail of Blades,2100,EUW1_7891586836
GOLD,Amumu,1,5,7,16,0.568,184,5.6,13944,25473,0.138,29352,34,14,1,3,3,1,1,10,1.0,0.0,0.1,Conqueror,1980,EUW1_7890890208
SILVER,Warwick,0,20,10,7,0.643,196,5.9,17338,26147,0.228,46145,28,3,8,1,1,0,0,4,1.0,0.0,0.0,Lethal Tempo,1980,EUW1_7890890208
GOLD,Shyvana,1,0,1,8,0.364,128,6.7,7528,6728,0.13,15645,12,0,3,0,1,0,1,3,1.0,0.0,0.333,Conqueror,1140,EUW1_7890859420
GOLD,Xin Zhao,0,1,3,0,0.125,122,6.4,5970,7802,0.164,18364,11,3,1,1,0,0,0,0,0.0,0.0,0.0,Conqueror,1140,EUW1_7890859420
GOLD,Trundle,1,5,5,14,0.422,231,7.2,14387,17100,0.129,28069,25,3,5,2,3,1,1,10,0.667,1.0,0.1,Press the Attack,1920,EUW1_7890815194
GOLD,Nocturne,0,6,12,8,0.452,140,4.4,11011,26007,0.205,36876,32,14,2,0,1,0,0,2,1.0,0.0,0.0,Conqueror,1920,EUW1_7890815194
GOLD,Graves,1,12,10,9,0.512,235,5.7,19066,34151,0.175,49371,35,15,2,0,4,2,0,12,1.0,0.5,0.167,Fleet Footwork,2460,EUW1_7890748850
GOLD,Zac,0,3,8,16,0.404,218,5.3,15496,22962,0.133,60349,26,8,1,0,2,0,1,7,1.0,0.0,0.143,Aftershock,2460,EUW1_7890748850
GOLD,Amumu,0,11,9,22,0.673,222,5.3,17815,45717,0.214,47810,46,18,2,2,3,1,1,7,1.0,1.0,0.143,Conqueror,2520,EUW1_7890670121
BRONZE,Volibear,1,12,8,15,0.643,232,5.5,20130,45584,0.213,47449,36,11,5,0,3,1,0,10,0.667,1.0,0.1,Lethal Tempo,2520,EUW1_7890670121
SILVER,Briar,0,5,17,12,0.415,126,3.8,12392,29202,0.17,49401,22,10,2,1,0,0,0,4,0.0,0.0,0.0,Press the Attack,1980,EUW1_7890610327
GOLD,Dr. Mundo,1,14,6,14,0.475,238,7.2,17841,37938,0.219,74464,37,12,1,2,5,1,1,10,0.6,1.0,0.1,Fleet Footwork,1980,EUW1_7890610327
GOLD,Rammus,0,4,5,1,0.357,161,6.7,10085,12172,0.198,19311,16,8,0,0,0,0,0,1,0.0,0.0,0.0,Aftershock,1440,EUW1_7890580498
GOLD,Jarvan IV,1,7,1,6,0.351,196,8.2,11866,10879,0.138,15469,18,1,3,2,4,1,1,11,0.75,1.0,0.091,Conqueror,1440,EUW1_7890580498
GOLD,Viego,0,8,8,4,0.522,224,6.8,14213,24025,0.204,39876,27,6,5,0,0,0,0,5,0.0,0.0,0.0,Conqueror,1980,EUW1_7889869836
GOLD,Amumu,1,10,4,8,0.5,211,6.4,15145,19480,0.132,30295,33,15,0,4,4,1,1,10,1.0,1.0,0.1,Conqueror,1980,EUW1_7889869836
GOLD,Shyvana,1,7,4,5,0.387,188,8.5,11014,12826,0.169,19872,20,4,3,3,2,1,1,8,0.5,1.0,0.125,Press the Attack,1320,EUW1_7889149266
GOLD,Warwick,0,4,7,7,0.5,109,5.0,8276,10764,0.161,23892,23,9,2,1,0,0,0,2,0.0,0.0,0.0,Lethal Tempo,1320,EUW1_7889149266
GOLD,Jarvan IV,0,5,9,18,0.639,139,4.3,12411,16424,0.147,40738,35,14,5,0,1,0,1,4,0.0,0.0,0.0,Conqueror,1920,EUW1_7889129150
GOLD,KhaZix,1,8,8,12,0.476,254,7.9,17240,24493,0.167,32580,50,10,6,4,4,1,0,10,0.75,0.0,0.0,First Strike,1920,EUW1_7889129150
GOLD,Naafiri,0,4,8,5,0.45,173,6.0,10930,14778,0.147,23662,12,5,1,0,1,0,0,3,1.0,0.0,0.0,Conqueror,1740,EUW1_7889111909
GOLD,Rammus,1,5,2,14,0.442,206,7.1,12174,15954,0.145,24277,20,8,1,0,3,1,0,10,1.0,1.0,0.0,Aftershock,1740,EUW1_7889111909
GOLD,Briar,0,17,9,3,0.606,172,6.4,15142,40569,0.359,32223,21,9,1,0,1,0,0,2,1.0,0.0,0.0,Hail of Blades,1620,EUW1_7889095324
GOLD,Shyvana,1,11,5,12,0.479,178,6.6,13827,22219,0.171,28303,18,3,2,2,3,1,1,11,1.0,1.0,0.0,Conqueror,1620,EUW1_7889095324
GOLD,Talon,0,6,8,7,0.65,153,5.7,11776,15922,0.222,27539,35,11,7,0,0,0,0,1,0.0,0.0,0.0,Fleet Footwork,1620,EUW1_7888806899
GOLD,Wukong,1,9,2,5,0.368,178,7.1,12236,12850,0.142,17191,28,10,3,0,3,1,0,11,0.333,1.0,0.091,Conqueror,1500,EUW1_7888763706
SILVER,Nocturne,0,12,7,4,0.421,209,6.33,16100,27240,0.207,30669,24,3,3,0,1,0,1,7,1,0,3,Hail of Blades,33,EUW1_7896121817
SILVER,Wukong,1,13,4,12,0.431,250,7.58,17187,20105,0.146,31485,35,4,9,1,4,1,0,11,2,1,1,Conqueror,33,EUW1_7896121817
SILVER,Lee Sin,0,6,9,7,0.500,146,4.29,12189,18940,0.143,33644,17,12,0,0,0,0,0,3,0,0,0,Conqueror,34,EUW1_7896056812
SILVER,Wukong,1,12,5,12,0.429,247,7.26,17978,25685,0.185,42922,34,11,2,0,5,2,1,11,3,2,1,Conqueror,34,EUW1_7896056812
GOLD,Zed,1,11,2,7,0.581,188,8.17,12375,15571,0.195,22176,26,3,3,2,3,1,1,10,1,1,2,Conqueror,23,EUW1_7896012543
SILVER,Wukong,0,1,5,2,0.300,117,5.09,7032,9504,0.176,21226,17,4,1,2,0,0,0,1,0,0,0,Conqueror,23,EUW1_7896012543
SILVER,Wukong,0,6,5,12,0.353,194,5.88,13992,24325,0.158,29724,26,15,1,0,3,0,0,5,3,0,3,Conqueror,33,EUW1_7893052011
GOLD,Viego,1,16,8,4,0.364,274,8.30,18866,28338,0.200,32020,24,10,0,0,1,1,1,10,1,1,5,Conqueror,33,EUW1_7893052011
SILVER,Wukong,1,11,5,15,0.684,159,4.42,16792,25779,0.205,40503,27,6,6,4,1,1,1,9,1,1,0,Conqueror,36,EUW1_7893023582
SILVER,KhaZix,0,6,9,9,0.455,193,5.36,13059,16789,0.122,36478,43,13,6,0,4,0,0,3,4,0,0,Dark Harvest,36,EUW1_7893023582
SILVER,Wukong,1,5,3,19,0.585,188,6.06,12727,23380,0.174,33053,28,8,2,2,4,1,0,11,4,1,2,Conqueror,31,EUW1_7892067568
SILVER,Kayn,0,6,9,5,0.478,175,5.65,12526,17220,0.160,33027,24,10,1,0,0,0,1,4,0,0,0,Dark Harvest,31,EUW1_7892067568
SILVER,Wukong,0,11,6,7,0.514,128,4.57,11910,23256,0.243,31079,28,3,2,1,1,0,0,2,1,0,0,Conqueror,28,EUW1_7892048671
SILVER,Jax,1,8,5,6,0.368,161,5.75,12230,19712,0.162,29202,19,10,0,0,3,1,1,8,1,1,0,Lethal Tempo,28,EUW1_7892048671
SILVER,Wukong,1,7,1,8,0.385,131,6.89,9540,7415,0.103,15506,13,3,2,1,2,0,1,11,2,0,1,Conqueror,19,EUW1_7892030430
SILVER,Master Yi,0,6,6,3,0.429,127,6.68,8931,10073,0.194,15826,8,1,2,0,0,0,0,0,0,0,0,Lethal Tempo,19,EUW1_7892030430
SILVER,Sylas,1,7,5,11,0.581,144,5.33,11971,23076,0.235,33148,20,11,0,0,1,0,0,8,1,0,0,Conqueror,27,EUW1_7892016104
SILVER,RekSai,0,1,6,11,0.343,141,5.22,10070,11207,0.116,31496,23,7,1,2,3,0,1,8,3,0,1,Conqueror,27,EUW1_7892016104
SILVER,Teemo,0,15,13,13,0.424,337,6.74,22776,76214,0.257,48478,61,26,3,0,3,2,1,8,3,1,0,Dark Harvest,50,EUW1_7891030714
SILVER,RekSai,1,13,9,15,0.384,309,6.18,20964,35240,0.142,83769,43,7,5,4,4,0,0,10,4,0,1,Conqueror,50,EUW1_7891030714
SILVER,Trundle,1,3,5,9,0.343,174,6.21,11116,10000,0.079,36435,24,4,2,3,2,1,1,11,2,1,1,Lethal Tempo,28,EUW1_7891014409
SILVER,RekSai,0,4,8,9,0.464,134,4.79,10475,12659,0.133,38208,22,8,3,2,2,0,0,1,2,0,0,Conqueror,28,EUW1_7891014409
GOLD,Viego,1,13,5,9,0.537,198,7.07,16026,27596,0.223,30790,17,6,0,5,2,0,1,9,1,0,2,Conqueror,28,EUW1_7886728835
SILVER,Warwick,0,5,11,12,0.567,125,4.46,10159,19707,0.210,41833,18,4,3,2,2,0,0,4,1,0,0,Lethal Tempo,28,EUW1_7886728835
GOLD,Warwick,1,14,4,6,0.455,193,6.66,14770,23914,0.169,40985,27,11,0,0,4,1,0,10,3,1,2,Lethal Tempo,29,EUW1_7882213106
SILVER,Nocturne,0,5,7,13,0.621,155,5.34,11158,21786,0.187,42259,25,11,0,1,1,0,1,2,1,0,1,Conqueror,29,EUW1_7882213106
SILVER,Nocturne,0,7,9,6,0.520,167,5.57,12703,24518,0.242,45234,32,14,3,3,0,0,1,1,0,0,0,Conqueror,30,EUW1_7882190745
GOLD,Volibear,1,4,4,11,0.333,234,7.80,13079,19937,0.134,31525,56,15,9,5,5,1,0,7,5,1,0,Lethal Tempo,30,EUW1_7882190745
SILVER,Wukong,1,8,7,19,0.529,203,5.80,15552,28054,0.149,38987,33,14,1,0,4,1,0,11,4,1,1,Conqueror,35,EUW1_7879053666
SILVER,Warwick,0,11,11,15,0.703,166,4.74,15111,33834,0.242,58837,26,5,5,1,2,1,1,5,2,1,0,Lethal Tempo,35,EUW1_7879053666
GOLD,Graves,0,6,8,4,0.476,201,7.73,11319,15031,0.197,21882,15,3,2,3,1,0,0,1,1,0,0,Fleet Footwork,26,EUW1_7879034766
SILVER,Warwick,1,9,5,7,0.390,172,6.62,12225,15794,0.148,35691,24,6,4,2,3,1,1,11,3,1,1,Lethal Tempo,26,EUW1_7879034766
IRON,Warwick,0,10,16,2,0.316,120,3.7,12334,17524,0.155,50390,18,9,0,0,2,1,0,3,2,1,0,Lethal Tempo,1920,EUW1_7897479680
BRONZE,Briar,1,27,7,10,0.544,264,8.2,22069,59955,0.346,41726,12,5,1,0,3,1,1,10,3,0,0,Press the Attack,1920,EUW1_7897479680
BRONZE,Kayn,0,0,9,4,0.235,112,4.9,6595,10949,0.194,22202,6,3,0,1,0,0,0,0,0,0,0,Dark Harvest,1380,EUW1_7897420579
BRONZE,Sylas,1,5,1,5,0.270,186,8.1,10277,9137,0.108,22623,15,2,1,2,3,0,1,10,3,0,0,Conqueror,1380,EUW1_7897420579
IRON,Amumu,0,3,11,6,0.346,127,4.8,8427,15232,0.151,31914,10,1,2,0,0,0,0,1,0,0,0,Aftershock,1560,EUW1_7897408489
IRON,Nocturne,1,4,7,4,0.154,131,4.9,8846,9757,0.070,29178,31,11,0,0,3,0,1,12,3,0,0,Conqueror,1560,EUW1_7897408489
IRON,Rengar,1,2,7,6,0.258,174,5.4,10703,9570,0.068,30325,32,11,2,0,2,1,0,9,2,0,1,Conqueror,1920,EUW1_7897394877
IRON,Hecarim,0,5,11,2,0.318,170,5.3,11058,14171,0.189,45030,29,8,2,0,2,0,0,1,1,0,0,Electrocute,1920,EUW1_7897394877
BRONZE,Olaf,1,3,1,4,0.333,169,7.7,8836,6743,0.126,14427,15,5,0,0,2,0,0,6,2,0,1,Conqueror,1320,EUW1_7897391684
IRON,Jax,0,1,6,1,0.333,107,4.9,6531,5173,0.142,18404,20,8,2,0,1,0,0,2,1,0,0,Lethal Tempo,1320,EUW1_7897391684
IRON,Jax,1,1,0,0,0.143,48,6.0,2797,318,0.027,3549,8,3,0,0,1,0,0,0,1,0,0,Lethal Tempo,480,EUW1_7897384600
IRON,Viego,0,0,0,0,0.000,37,4.6,2250,231,0.031,2921,3,1,0,0,0,0,0,0,0,0,0,Press the Attack,480,EUW1_7897384600
BRONZE,Kindred,0,2,4,1,0.500,110,6.8,6086,6182,0.210,12358,13,4,0,0,0,0,0,0,0,0,0,Conqueror,960,EUW1_7896447917
IRON,Skarner,1,1,1,5,0.273,61,3.7,5112,2146,0.047,9717,7,3,0,0,2,0,0,3,1,0,1,Conqueror,960,EUW1_7896447917
BRONZE,Wukong,1,4,9,17,0.350,189,4.4,14718,22342,0.109,51889,43,17,1,0,5,1,1,10,5,1,1,Conqueror,2520,EUW1_7895783833
BRONZE,Pantheon,0,7,11,13,0.308,182,4.3,14253,36710,0.166,68668,34,17,0,0,1,1,0,8,1,1,0,Conqueror,2520,EUW1_7895783833
BRONZE,Viego,1,22,0,3,0.610,161,7.3,14124,26024,0.339,18607,18,8,1,1,3,0,1,10,3,0,0,Conqueror,1320,EUW1_7895491327
IRON,Rengar,0,0,9,0,0.000,95,4.3,5479,4334,0.093,20249,18,5,3,0,0,0,0,0,0,0,0,Conqueror,1320,EUW1_7895491327
IRON,Rengar,1,7,6,8,0.366,165,6.1,10728,15651,0.154,25357,24,8,1,0,3,0,1,10,2,0,1,Conqueror,1620,EUW1_7895463248
IRON,Vi,0,5,11,5,0.500,115,4.2,9780,10670,0.142,27594,19,9,2,0,1,0,0,1,1,0,0,Conqueror,1620,EUW1_7895463248
IRON,Nocturne,1,9,5,11,0.435,174,6.2,12400,11747,0.100,33565,22,9,0,0,2,1,0,11,2,1,0,Conqueror,1620,EUW1_7895400624
BRONZE,Malphite,0,2,8,6,0.471,160,5.7,10026,17209,0.227,25687,19,9,0,0,2,0,1,3,2,0,1,Press the Attack,1620,EUW1_7895400624
IRON,Rammus,1,5,2,6,0.393,118,6.7,7775,3972,0.080,12240,13,6,1,1,2,0,1,11,2,0,1,Aftershock,1020,EUW1_7895387578
IRON,Rengar,0,0,6,1,0.125,97,5.5,5105,2151,0.085,16086,15,6,3,2,0,0,0,0,0,0,0,Conqueror,1020,EUW1_7895387578
IRON,Volibear,0,0,5,0,0.000,73,4.7,4140,3752,0.131,13545,6,1,1,0,0,0,0,1,0,0,0,Lethal Tempo,900,EUW1_7895361104
BRONZE,Nasus,1,6,0,5,0.458,84,5.4,6147,5637,0.137,15048,5,2,0,0,2,0,0,0,2,0,0,Fleet Footwork,900,EUW1_7895361104
BRONZE,Talon,0,23,8,3,0.667,186,5.6,18540,55113,0.403,41867,31,11,3,0,2,0,0,2,2,0,0,Fleet Footwork,1980,EUW1_7895349368
IRON,BelVeth,1,3,3,1,0.080,223,6.7,12941,5022,0.033,26298,18,6,1,0,3,1,1,11,3,1,2,Conqueror,1980,EUW1_7895349368
BRONZE,Master Yi,0,9,9,5,0.636,158,5.1,13973,29890,0.267,34782,24,7,2,0,2,0,0,5,2,0,0,Lethal Tempo,1800,EUW1_7894864075
BRONZE,Vi,1,8,6,14,0.400,177,5.8,13803,22369,0.136,27734,22,12,1,0,1,2,1,10,1,2,2,Press the Attack,1800,EUW1_7894864075
IRON,Warwick,1,9,5,9,0.486,159,5.9,13201,18371,0.196,42142,32,12,2,4,3,1,1,11,3,0,2,Lethal Tempo,1620,EUW1_7894822318
IRON,Master Yi,0,4,7,3,0.412,157,5.8,10595,6819,0.088,25253,11,6,0,0,1,0,0,3,1,0,1,Hail of Blades,1620,EUW1_7894822318
IRON,KhaZix,1,13,4,3,0.640,146,5.5,13967,22856,0.320,23552,22,6,3,0,2,0,0,6,2,0,1,First Strike,1560,EUW1_7894608337
IRON,Kindred,0,2,7,3,0.333,140,5.3,9931,6151,0.091,21987,8,2,1,0,2,1,1,4,2,1,1,Press the Attack,1560,EUW1_7894608337
SILVER,Hecarim,0,3,8,0,0.167,171,6.8,8905,10201,0.207,27355,17,2,3,0,0,0,0,0,0,0,0,Stormraiders Surge,1500,EUW1_7888763706
PLATINUM,Nocturne,0,9,15,3,0.522,158,5.8,12273,20914,0.240,36304,24,11,0,0,1,0,0,1,1.0,0.0,0.0,Hail of Blades,27,EUW1_7895222041
PLATINUM,Talon,1,12,4,10,0.431,218,8.0,15778,29070,0.222,26988,7,1,1,0,3,1,1,11,0.667,1.0,0.091,Stormraiders Surge,27,EUW1_7895222041
PLATINUM,Lee Sin,1,7,10,17,0.533,185,5.9,14750,21839,0.137,37151,28,12,3,0,1,2,0,8,1.0,1.0,0.0,Conqueror,31,EUW1_7895179430
PLATINUM,Master Yi,0,18,8,6,0.393,187,6.0,15544,35674,0.219,31379,8,5,0,0,3,0,1,7,1.0,0.0,0.143,Hail of Blades,31,EUW1_7895179430
PLATINUM,Nocturne,0,1,11,1,0.222,134,5.5,7745,8076,0.172,29635,13,3,1,0,0,0,0,1,0.0,0.0,0.0,Hail of Blades,24,EUW1_7894518112
PLATINUM,Nidalee,1,7,1,8,0.385,170,7.0,11202,15794,0.152,23336,13,3,3,1,3,1,1,11,1.0,1.0,0.091,Conqueror,24,EUW1_7894518112
GOLD,Shyvana,1,2,4,9,0.393,225,8.9,11268,13566,0.161,21890,17,6,0,0,2,1,1,8,0.5,0.0,0.125,Press the Attack,25,EUW1_7890815104
PLATINUM,Diana,0,4,7,2,0.353,157,6.2,9441,12668,0.177,25452,19,8,1,0,1,0,0,5,1.0,0.0,0.0,Conqueror,25,EUW1_7890815104
PLATINUM,Vi,0,2,10,10,0.414,199,6.3,11350,12805,0.103,38868,19,3,2,1,1,0,0,3,0.0,0.0,0.0,Hail of Blades,31,EUW1_7890756476
PLATINUM,Ekko,1,5,5,12,0.378,227,7.2,14235,22868,0.157,37925,28,5,3,3,4,2,1,11,1.0,0.0,0.091,Dark Harvest,31,EUW1_7890756476
PLATINUM,Briar,0,13,7,4,0.895,150,6.0,14718,24723,0.333,33394,23,8,0,2,0,0,1,1,0.0,0.0,0.0,Hail of Blades,24,EUW1_7890705971
PLATINUM,Aatrox,1,9,5,4,0.394,183,7.4,11788,14137,0.154,28075,21,7,0,0,4,1,0,11,0.75,0.0,0.0,Conqueror,24,EUW1_7890705971
EMERALD,Graves,0,4,11,7,0.458,139,4.9,11332,22563,0.233,37176,13,2,2,0,0,1,0,1,0.0,1.0,0.0,Press the Attack,28,EUW1_7890359504
PLATINUM,KhaZix,1,9,4,5,0.292,176,6.3,14193,29240,0.199,30921,25,3,4,1,4,0,1,7,1.0,0.0,0.143,First Strike,28,EUW1_7890359504
EMERALD,Ezreal,1,9,1,8,0.378,230,7.8,14204,27566,0.218,25070,35,12,3,1,3,1,1,11,0.667,1.0,0.273,Press the Attack,29,EUW1_7889090716
EMERALD,Rammus,0,1,9,7,0.4,158,5.4,9668,11452,0.126,35089,8,2,2,1,0,0,0,3,0.0,0.0,0.0,Aftershock,29,EUW1_7889090716
GOLD,Talon,0,7,6,6,0.433,252,8.8,15045,21905,0.196,27302,27,4,6,1,0,0,1,5,0.0,0.0,0.4,Fleet Footwork,28,EUW1_7888322200
PLATINUM,Lillia,1,9,3,8,0.486,198,6.9,13645,30814,0.273,30509,22,11,0,0,4,1,0,9,1.0,1.0,0.222,Conqueror,28,EUW1_7888322200
PLATINUM,Kayn,0,7,3,2,0.36,188,6.4,12149,15085,0.168,29672,46,9,9,8,3,0,0,6,1.0,0.0,0.167,Conqueror,29,EUW1_7887832418
PLATINUM,Evelynn,1,9,4,4,0.351,150,5.1,11872,18337,0.147,28598,29,14,0,0,1,0,0,8,1.0,0.0,0.0,Dark Harvest,29,EUW1_7887832418
PLATINUM,Lillia,1,11,8,11,0.5,200,7.3,14199,21777,0.192,43308,21,7,2,0,3,1,1,9,0.667,1.0,0.0,Conqueror,27,EUW1_7887800744
PLATINUM,Jarvan IV,0,12,10,5,0.586,163,5.9,13074,27383,0.248,35087,16,5,0,3,1,0,0,1,1.0,0.0,0.0,Conqueror,27,EUW1_7887800744
PLATINUM,Lee Sin,1,7,7,5,0.375,215,6.6,13844,17613,0.136,41219,30,13,1,0,1,0,1,9,1.0,0.0,0.111,Electrocute,32,EUW1_7887739839
PLATINUM,Jarvan IV,0,4,6,14,0.621,187,5.8,12775,18772,0.153,39965,27,11,0,0,3,0,0,4,1.0,0.0,0.25,Conqueror,32,EUW1_7887739839
PLATINUM,Nocturne,1,3,8,9,0.375,155,5.8,9930,10880,0.105,32885,32,11,2,0,2,0,1,6,1.0,0.0,0.0,Conqueror,26,EUW1_7887690698
PLATINUM,Nautilus,0,2,8,11,0.591,122,4.5,8572,12398,0.149,23995,22,8,1,1,1,0,0,1,1.0,0.0,0.0,Aftershock,26,EUW1_7887690698
PLATINUM,Gragas,1,3,7,11,0.438,205,7.1,12305,14937,0.129,28068,18,6,1,1,3,1,0,11,0.667,0.0,0.091,Dark Harvest,28,EUW1_7887626419
PLATINUM,Master Yi,0,9,6,5,0.483,206,7.1,13426,20647,0.2,23486,21,8,0,0,1,0,1,1,1.0,0.0,0.0,Hail of Blades,28,EUW1_7887626419
EMERALD,Sylas,0,9,6,9,0.72,228,8.2,13231,39052,0.31,47591,15,1,1,0,2,0,0,2,1.0,0.0,0.0,Conqueror,27,EUW1_7885975671
EMERALD,Shyvana,1,5,8,10,0.6,186,6.7,12524,20010,0.187,29902,18,3,2,0,1,0,1,10,1.0,0.0,0.2,Conqueror,27,EUW1_7885975671
EMERALD,Zaahen,1,11,2,5,0.696,188,8.2,11873,22385,0.288,27066,22,2,5,0,3,0,0,4,1.0,0.0,0.0,Conqueror,22,EUW1_7885940707
PLATINUM,Nidalee,0,2,3,4,0.462,157,6.9,8968,7300,0.155,20119,23,5,0,3,0,0,1,1,0.0,0.0,0.0,Electrocute,22,EUW1_7885940707
EMERALD,Viego,0,12,7,2,0.667,192,6.8,15292,21638,0.295,33212,25,2,6,0,2,0,0,1,1.0,0.0,0.0,Conqueror,28,EUW1_7885805150
PLATINUM,Vi,1,14,4,4,0.429,226,8.0,15416,22844,0.176,19899,25,9,2,0,2,1,1,10,1.0,1.0,0.1,Hail of Blades,28,EUW1_7885805150
EMERALD,Diana,1,11,2,8,0.679,212,8.1,13742,21874,0.236,18093,26,10,2,1,4,0,0,5,1.0,0.0,0.2,Conqueror,26,EUW1_7885729479
EMERALD,Lee Sin,1,3,0,6,0.391,109,7.0,6310,5285,0.120,9513,13,5,3,0,1,0,0,1,1,0,0,Conqueror,900,EUW1_7896724799
DIAMOND,Sejuani,0,0,3,3,0.429,105,6.7,5364,4805,0.146,13458,16,3,3,2,1,0,0,1,1,0,0,Aftershock,900,EUW1_7896724799
DIAMOND,KhaZix,1,3,13,13,0.381,176,5.18,13576,18811,0.109,40679,21,1,5,0,2,0,1,10,1,0,1,First Strike,2040,EUW1_7897493948
DIAMOND,Lee Sin,0,12,10,14,0.684,196,5.76,15513,30176,0.226,43689,36,13,4,3,3,1,0,7,2,1,0,Conqueror,2040,EUW1_7897493948
DIAMOND,Xin Zhao,0,16,9,13,0.784,237,6.77,20557,64192,0.433,69657,45,3,7,2,0,1,1,7,0,1,2,Conqueror,2100,EUW1_7897466084
DIAMOND,Master Yi,1,17,8,8,0.595,217,6.2,18899,41032,0.213,36796,39,4,9,0,5,1,0,8,5,1,0,Lethal Tempo,2100,EUW1_7897466084
EMERALD,RekSai,0,4,7,7,0.5,154,5.31,10966,14091,0.146,29773,32,15,4,0,0,1,0,2,0,1,0,Hail of Blades,1740,EUW1_7897451572
DIAMOND,Udyr,1,10,2,7,0.515,238,8.21,14802,23026,0.159,27714,20,3,5,1,4,0,1,11,4,0,3,Stormraiders Surge,1740,EUW1_7897451572
EMERALD,Viego,1,8,7,7,0.5,165,6.6,11669,18717,0.173,27338,19,9,0,0,3,0,1,10,2,0,0,Conqueror,1500,EUW1_7897433171
DIAMOND,Jarvan IV,0,2,7,9,0.647,154,6.16,9383,9747,0.133,23360,24,3,4,1,1,0,0,1,1,0,0,Conqueror,1500,EUW1_7897433171
DIAMOND,KhaZix,0,7,6,5,0.522,123,4.92,11174,16540,0.225,26930,18,2,4,0,2,0,0,2,2,0,0,First Strike,1500,EUW1_7897419014
DIAMOND,Talon,1,4,5,5,0.273,225,9.0,12355,15116,0.143,26599,25,6,3,0,1,1,1,10,1,0,1,Fleet Footwork,1500,EUW1_7897419014
DIAMOND,Vi,0,2,3,1,1.0,103,6.87,5683,5310,0.21,10899,6,0,2,0,0,0,0,0,0,0,0,Hail of Blades,900,EUW1_7897410317
DIAMOND,KhaZix,1,6,0,1,0.412,119,7.93,8185,8307,0.186,10650,11,2,0,0,2,0,0,1,2,0,0,First Strike,900,EUW1_7897410317
DIAMOND,Shyvana,0,8,9,8,0.5,229,6.94,14414,33406,0.271,47429,48,13,8,1,2,2,1,4,2,2,0,Press the Attack,1980,EUW1_7897123453
DIAMOND,KhaZix,1,11,6,8,0.442,226,6.85,16250,30298,0.194,32554,21,0,7,0,3,0,0,11,3,0,2,First Strike,1980,EUW1_7897123453
EMERALD,Nunu & Willump,0,1,12,5,0.316,105,4.2,7968,8850,0.108,27019,18,7,1,0,0,0,1,2,0,0,0,Electrocute,1500,EUW1_7897082382
DIAMOND,KhaZix,1,17,5,5,0.468,173,6.92,13941,27480,0.262,25626,24,2,6,0,3,1,0,8,3,1,1,First Strike,1500,EUW1_7897082382
DIAMOND,KhaZix,1,16,7,10,0.565,218,6.06,19481,42227,0.236,41392,29,2,10,0,2,1,0,9,2,1,1,First Strike,2160,EUW1_7897028547
EMERALD,Nocturne,0,11,9,10,0.488,219,6.08,15654,27052,0.189,54156,25,5,5,0,3,0,0,4,3,0,0,Conqueror,2160,EUW1_7897028547
DIAMOND,KhaZix,1,13,9,13,0.578,178,5.93,16023,31457,0.227,33422,30,5,7,0,2,1,0,11,1,1,0,First Strike,1800,EUW1_7896971013
DIAMOND,Aatrox,0,6,11,6,0.375,158,5.27,11801,20824,0.168,50497,28,9,3,1,3,0,1,3,3,0,1,Conqueror,1800,EUW1_7896971013
EMERALD,Teemo,1,10,2,5,0.536,229,8.81,13431,23021,0.225,19167,34,2,9,1,4,1,1,9,4,1,1,Dark Harvest,1560,EUW1_7896931820
EMERALD,Zac,0,2,6,9,0.55,124,4.77,8740,8539,0.118,34046,33,12,2,5,0,0,0,4,0,0,0,Aftershock,1560,EUW1_7896931820
EMERALD,Wukong,1,11,1,12,0.59,184,8.0,12639,15454,0.152,25971,16,1,4,3,4,0,0,10,4,0,3,Conqueror,1380,EUW1_7896713136
DIAMOND,Jarvan IV,0,3,8,7,0.556,123,5.35,8328,7925,0.136,23473,11,2,1,0,0,0,0,2,0,0,0,Conqueror,1380,EUW1_7896713136
DIAMOND,BelVeth,1,2,5,2,0.16,128,6.74,6935,6774,0.118,14575,9,3,0,0,1,0,1,3,1,0,0,Conqueror,1140,EUW1_7896686440
DIAMOND,Aatrox,0,3,3,3,0.3,128,6.74,7454,7967,0.209,16162,18,6,2,0,0,0,0,0,0,0,0,Conqueror,1140,EUW1_7896686440
DIAMOND,Hecarim,0,2,11,11,0.448,257,6.95,13659,15827,0.103,47302,20,2,5,0,4,0,0,6,4,0,0,Stormraiders Surge,2220,EUW1_7896647270
DIAMOND,Jarvan IV,1,4,6,16,0.417,275,7.43,16775,21046,0.13,45416,36,2,9,2,2,2,1,12,2,1,1,Conqueror,2220,EUW1_7896647270
DIAMOND,Rengar,0,11,12,6,0.447,263,7.74,15861,29976,0.203,43522,35,1,15,0,0,0,1,6,0,0,0,Conqueror,2040,EUW1_7896572358
DIAMOND,Jarvan IV,1,13,5,24,0.787,179,5.26,17379,33666,0.22,39788,35,2,4,2,4,2,0,10,4,1,1,Conqueror,2040,EUW1_7896572358
EMERALD,BelVeth,0,5,6,4,0.391,232,8.0,12697,14442,0.141,35279,17,1,4,0,1,0,0,3,1,0,0,Conqueror,1740,EUW1_7896552657
DIAMOND,Udyr,1,3,7,14,0.395,195,6.72,12232,17773,0.132,31460,22,3,2,0,4,1,1,10,4,1,2,Conqueror,1740,EUW1_7896552657
DIAMOND,Jarvan IV,1,1,8,15,0.471,183,5.55,11293,20362,0.142,35331,44,11,5,10,2,0,1,9,1,0,2,Conqueror,1980,EUW1_7896529620
PLATINUM,Graves,0,8,4,9,0.607,259,7.85,14808,25189,0.218,31952,40,15,0,0,3,1,0,3,2,1,0,Fleet Footwork,1980,EUW1_7896529620
EMERALD,KhaZix,0,7,9,9,0.552,129,4.96,11094,24021,0.177,26711,15,1,5,0,1,0,0,4,1,0,0,Dark Harvest,1560,EUW1_7896505731
EMERALD,Hecarim,1,8,5,10,0.419,191,7.35,12651,20154,0.164,39286,28,5,0,4,3,1,1,8,3,1,1,Stormraiders Surge,1560,EUW1_7896505731
DIAMOND,Briar,1,17,6,4,0.583,239,8.24,18414,29417,0.248,27018,32,12,3,4,1,1,0,10,0,1,0,Hail of Blades,1740,EUW1_7895773974
EMERALD,Sylas,0,3,8,3,0.214,188,6.48,10587,6691,0.071,39942,16,3,1,2,2,0,0,2,2,0,1,Conqueror,1740,EUW1_7895773974
DIAMOND,Nocturne,1,9,1,4,0.406,186,8.86,11368,9368,0.120,21881,27,9,3,0,2,0,1,11,2,0,2,Lethal Tempo,1260,EUW1_7895747629
DIAMOND,Briar,0,3,7,2,0.556,152,7.24,9044,12170,0.194,22513,21,9,2,3,0,0,0,0,0,0,0,Hail of Blades,1260,EUW1_7895747629
DIAMOND,Wukong,0,14,5,16,0.833,265,7.16,18415,35468,0.253,52419,36,6,5,0,3,1,0,6,3,0,1,Conqueror,2220,EUW1_7895694967
DIAMOND,Briar,1,5,10,8,0.433,278,7.51,16411,23254,0.139,37065,50,14,4,3,2,1,1,9,2,1,2,Hail of Blades,2220,EUW1_7895694967
DIAMOND,Briar,1,12,2,9,0.636,153,7.65,12603,17673,0.232,18542,16,8,0,1,2,0,1,11,2,0,2,Hail of Blades,1200,EUW1_7894279964
DIAMOND,Briar,0,12,8,7,0.613,225,6.62,16853,30592,0.249,38726,43,15,2,4,0,0,0,2,0,0,0,Hail of Blades,2040,EUW1_7893210310
DIAMOND,Vi,1,11,4,11,0.537,272,8.0,17363,30393,0.186,34053,26,2,10,1,4,1,0,9,3,1,3,Conqueror,2040,EUW1_7893210310
DIAMOND,Briar,1,4,1,6,0.667,102,7.85,6628,6858,0.243,11239,4,2,0,0,0,0,0,1,0,0,0,Hail of Blades,780,EUW1_7893185566
DIAMOND,Rengar,0,0,4,0,0.0,59,4.54,3390,1571,0.056,7122,6,1,0,0,0,0,0,1,0,0,0,Conqueror,780,EUW1_7893185566
EMERALD,Malphite,1,3,5,20,0.697,149,5.73,10976,17292,0.171,23955,33,12,3,1,1,1,0,9,0,1,2,Press the Attack,1560,EUW1_7889173038
DIAMOND,Briar,0,5,9,7,0.462,180,6.92,11249,14166,0.151,31315,23,12,0,4,3,0,1,5,1,0,0,Hail of Blades,1560,EUW1_7889173038
EMERALD,Wukong,1,4,5,7,0.344,235,7.12,12932,24983,0.204,51504,38,10,2,2,2,0,1,9,1,0,3,Conqueror,1980,EUW1_7886664494
DIAMOND,Briar,0,9,11,5,0.424,249,7.55,16029,30049,0.227,50942,27,12,0,1,3,1,0,6,2,1,0,Hail of Blades,1980,EUW1_7886664494
EMERALD,Lee Sin,1,14,6,14,0.800,262,7.28,19531,29922,0.220,55608,44,19,3,4,4,1,1,9,4,1,3,Conqueror,2160,EUW1_7861650880
DIAMOND,Briar,0,12,9,7,0.500,270,7.5,17737,34482,0.190,38253,44,14,3,1,1,1,0,5,1,1,0,Hail of Blades,2160,EUW1_7861650880
IRON,Wukong,0,7,11,7,0.35,178,4.81,13605,19239,0.108,43509,19,10,0,0,1,1,1,8,0,1,0,Conqueror,2220,EUW1_7897458094
IRON,Sylas,0,2,6,4,0.429,132,5.5,7731,9616,0.195,27063,19,8,1,1,2,0,0,1,1,0,0,Conqueror,1440,EUW1_7897444021
IRON,Sylas,0,4,10,2,0.375,93,4.04,7032,10520,0.166,28059,15,8,0,0,1,0,0,1,1,0,0,Conqueror,1380,EUW1_7896712541
BRONZE,Master Yi,1,15,1,7,0.407,166,7.22,12946,25807,0.258,23548,22,9,2,0,2,1,1,10,2,1,3,Lethal Tempo,1380,EUW1_7896712541
IRON,Sylas,0,10,11,2,0.522,143,5.11,12552,25451,0.255,40829,25,9,1,0,1,0,0,1,1,0,0,Conqueror,1680,EUW1_7896437973
IRON,Zaahen,1,11,1,7,0.321,169,6.04,12862,14974,0.106,28139,13,2,4,2,2,0,1,11,2,0,1,Conqueror,1680,EUW1_7896437973
IRON,Warwick,0,18,10,12,0.476,235,5.22,20480,35095,0.148,77523,38,17,1,0,3,1,0,9,2,1,2,Lethal Tempo,2700,EUW1_7896414183
BRONZE,Viego,1,13,15,13,0.419,248,5.51,21135,41150,0.188,59144,33,15,2,0,4,1,1,10,3,1,2,Conqueror,2700,EUW1_7896414183
IRON,Sylas,0,3,7,5,0.727,112,5.89,7558,7897,0.213,21879,13,7,1,0,1,0,0,0,1,0,0,Conqueror,1140,EUW1_7896399992
BRONZE,Briar,1,6,3,8,0.452,156,8.21,9862,9049,0.151,13891,19,5,3,0,1,0,1,9,1,0,0,Press the Attack,1140,EUW1_7896399992
IRON,Nocturne,0,8,6,3,0.5,109,4.36,9792,12505,0.221,25417,20,7,2,0,0,0,0,1,0,0,0,Hail of Blades,1500,EUW1_7896387833
IRON,Sylas,0,3,7,12,0.417,224,6.05,13789,18069,0.135,46961,27,7,2,4,1,1,0,6,0,1,1,Conqueror,2220,EUW1_7895332629
BRONZE,Kayn,1,7,4,9,0.356,256,6.92,15691,19520,0.103,43567,42,15,3,0,4,1,1,11,3,1,1,Conqueror,2220,EUW1_7895332629
IRON,Sylas,1,2,4,10,0.316,195,5.91,11912,15772,0.123,32610,28,11,1,0,2,1,1,9,2,1,1,Conqueror,1980,EUW1_7892111496
BRONZE,Jax,0,9,6,2,0.611,185,5.61,14818,25042,0.265,30246,21,4,6,0,2,0,0,1,2,0,0,Lethal Tempo,1980,EUW1_7892111496
IRON,Sylas,0,9,9,10,0.528,148,5.29,12566,20287,0.196,38265,28,12,0,0,1,0,0,5,1,0,0,Conqueror,1680,EUW1_7892105593
IRON,Evelynn,1,1,9,8,0.209,163,5.82,9683,9767,0.093,26874,20,6,1,0,3,0,0,6,2,0,0,Electrocute,1680,EUW1_7892105593
IRON,Sylas,0,5,8,7,0.462,153,5.46,10445,11822,0.131,35565,23,7,1,2,3,0,1,4,2,0,0,Conqueror,1680,EUW1_7891169521
IRON,Kayn,1,7,6,8,0.375,167,5.96,12044,16349,0.121,26856,31,12,1,3,1,0,0,6,1,0,0,Conqueror,1680,EUW1_7891169521
IRON,Sylas,1,5,3,9,0.583,138,6.27,9022,13493,0.186,19469,18,8,0,0,2,0,0,4,1,0,0,Conqueror,1320,EUW1_7891154491
IRON,Diana,0,6,6,5,0.917,118,5.36,9372,16829,0.309,20284,12,6,0,0,0,0,1,1,0,0,0,Electrocute,1320,EUW1_7891154491
IRON,Sejuani,0,1,3,3,0.5,118,6.21,6312,5350,0.146,14598,6,1,0,0,2,0,0,0,2,0,0,Aftershock,1140,EUW1_7891089510
IRON,Sylas,1,4,1,4,0.276,109,5.74,7077,6459,0.115,12532,14,6,0,0,0,0,0,5,0,0,0,Conqueror,1140,EUW1_7891089510
IRON,Sylas,0,3,10,7,0.4,152,5.24,9691,12754,0.154,34572,22,10,1,3,1,0,0,4,1,0,0,Conqueror,1740,EUW1_7891083613
IRON,Sejuani,1,4,4,13,0.347,195,6.72,11657,11898,0.086,21162,32,7,1,2,3,2,1,8,2,2,0,Aftershock,1740,EUW1_7891083613
IRON,Sylas,1,5,2,6,0.314,153,5.67,9708,10029,0.113,22810,29,10,0,0,4,1,1,11,4,1,0,Conqueror,1620,EUW1_7891076727
BRONZE,Ezreal,0,9,9,2,0.611,150,5.56,11673,20234,0.309,23449,8,0,2,0,0,0,0,0,0,0,0,Lethal Tempo,1620,EUW1_7891076727
BRONZE,Master Yi,0,18,9,4,0.458,214,5.4,17488,40723,0.215,43004,27,9,3,0,3,1,0,9,1.0,1.0,0.0,Hail of Blades,2340,EUW1_7896847199
BRONZE,Nunu & Willump,1,7,9,21,0.622,197,5.0,15485,24614,0.164,53780,35,11,2,3,3,2,0,9,1.0,1.0,0.0,Stormraiders Surge,2340,EUW1_7896847199
IRON,Master Yi,0,1,13,5,0.4,105,3.8,7186,11000,0.174,25890,13,5,1,0,0,0,0,0,0.0,0.0,0.0,Hail of Blades,1620,EUW1_7896813626
BRONZE,Briar,1,17,2,4,0.656,250,9.1,15967,27547,0.326,32574,36,12,1,1,4,1,1,10,1.0,1.0,0.1,Press the Attack,1620,EUW1_7896813626
IRON,Nidalee,1,10,5,5,0.357,183,6.8,12185,21829,0.186,31622,38,2,5,1,2,1,0,8,1.0,1.0,0.0,Conqueror,1560,EUW1_7896776986
BRONZE,Nocturne,0,4,12,5,0.375,97,3.6,8152,14241,0.173,36546,16,7,0,0,1,0,0,1,0.0,0.0,0.0,Hail of Blades,1560,EUW1_7896776986
IRON,Lillia,1,5,5,5,0.238,225,6.8,13261,24885,0.149,38459,21,2,3,0,2,1,1,13,1.0,0.0,0.077,Conqueror,1980,EUW1_7895692183
SILVER,Diana,0,11,5,4,0.455,267,7.3,16388,30147,0.215,34423,43,16,2,0,3,1,1,7,1.0,1.0,0.0,Conqueror,2160,EUW1_7895622600
BRONZE,Vi,1,4,1,5,0.321,166,6.0,10019,11969,0.13,21110,33,7,2,2,3,0,0,5,1.0,0.0,0.0,Conqueror,1620,EUW1_7895586153
BRONZE,Briar,1,10,11,13,0.479,189,5.2,15895,41127,0.245,55316,26,7,4,0,4,1,1,12,0.5,1.0,0.083,Press the Attack,2160,EUW1_7895544216
BRONZE,BelVeth,0,5,3,6,0.234,301,9.6,15607,11931,0.106,28758,30,10,1,0,3,1,1,8,1.0,1.0,0.375,Conqueror,1860,EUW1_7895501612
IRON,Evelynn,0,5,9,3,0.5,88,3.6,8433,12423,0.154,24756,18,5,1,0,0,0,0,1,0.0,0.0,0.0,Electrocute,1440,EUW1_7895473864
IRON,Warwick,0,6,12,7,0.481,157,4.6,14373,16124,0.159,48949,20,3,3,1,1,1,0,7,1.0,0.0,0.0,Lethal Tempo,2040,EUW1_7895446948
BRONZE,Warwick,0,16,11,6,0.611,169,4.5,15651,40467,0.348,62508,28,11,2,0,2,0,1,2,1.0,0.0,0.0,Hail of Blades,2220,EUW1_7895388417
BRONZE,Jax,1,19,4,8,0.574,179,5.0,18562,47656,0.294,39259,25,4,2,2,3,0,0,12,1.0,0.0,0.167,Conqueror,2160,EUW1_7895383684
SILVER,Master Yi,0,20,12,8,0.549,211,5.9,18205,58170,0.338,51199,19,2,1,0,2,1,1,4,1.0,1.0,0.25,Hail of Blades,2160,EUW1_7895383684
BRONZE,Master Yi,0,7,11,6,0.684,188,5.9,13549,22113,0.319,34763,20,10,0,0,2,0,1,3,0.5,0.0,0.333,Lethal Tempo,1860,EUW1_7895376766
SILVER,Rammus,1,13,3,16,0.725,221,6.9,17265,30645,0.273,32395,30,11,1,0,2,2,0,11,1.0,1.0,0.364,Aftershock,1860,EUW1_7895376766
BRONZE,Viego,1,15,3,7,0.667,190,6.4,15589,34302,0.304,29219,18,7,0,0,3,0,1,10,1.0,0.0,0.1,Conqueror,1740,EUW1_7882777890
IRON,Nocturne,0,9,4,3,0.462,214,7.2,12274,14220,0.136,37542,18,5,2,0,1,0,0,3,1.0,0.0,0.0,Conqueror,1740,EUW1_7882777890
SILVER,Malphite,0,2,4,4,0.462,106,5.4,6378,6665,0.141,12325,7,1,2,0,1,0,0,1,1,0,0,Press the Attack,19,EUW1_7895902061
SILVER,Master Yi,0,3,9,1,0.571,110,4.9,6971,8582,0.188,17249,15,6,0,0,0,0,0,0,0,0,0,Hail of Blades,22,EUW1_7895615700
SILVER,Brand,1,1,0,1,0.333,57,7.0,3147,1561,0.138,3938,5,3,0,0,1,0,0,0,1,0,0,Deathfire Touch,8,EUW1_7895604670
SILVER,Lee Sin,1,9,4,5,0.538,133,6.7,9392,15935,0.248,18342,16,10,0,3,2,0,0,5,1,0,0,Electrocute,19,EUW1_7895576450
SILVER,Shyvana,1,13,8,9,0.595,232,6.9,16539,38602,0.252,44123,22,8,1,0,4,0,0,11,3,0,0,Conqueror,33,EUW1_7894134872
SILVER,Shaco,1,8,5,20,0.560,186,5.6,14241,29581,0.176,31412,24,1,6,1,4,1,0,11,2,1,0,Dark Harvest,33,EUW1_7894111516
SILVER,Aatrox,1,9,2,9,0.409,170,6.0,12181,15895,0.132,23666,25,11,1,0,4,1,0,9,4,1,0,Conqueror,28,EUW1_7894069441
SILVER,Diana,1,9,8,9,0.600,150,6.5,11998,20396,0.216,21827,21,6,1,4,2,1,1,5,2,1,2,Conqueror,23,EUW1_7893095486
SILVER,Kayn,0,3,13,11,0.269,186,4.9,12694,23150,0.113,48120,26,0,8,0,3,0,0,5,3,0,0,Dark Harvest,37,EUW1_7893068978
SILVER,Bel'Veth,1,7,5,8,0.366,162,6.0,11689,13278,0.123,27041,23,10,2,0,2,1,1,11,2,1,0,Conqueror,27,EUW1_7893048164
SILVER,Nocturne,0,22,14,9,0.564,271,6.1,23747,54248,0.284,70591,60,22,2,0,4,0,1,7,1,0,1,Lethal Tempo,44,EUW1_7892047028
SILVER,Viego,0,8,16,6,0.412,187,5.3,14485,24534,0.196,39064,21,11,0,0,1,0,0,3,0,0,0,Hail of Blades,35,EUW1_7891152348
SILVER,Aurelion Sol,1,7,6,7,0.400,270,8.4,14893,19981,0.192,27513,13,3,3,1,2,1,0,9,2,1,0,Deathfire Touch,32,EUW1_7890967840
SILVER,Rammus,1,10,5,20,0.588,203,5.3,17555,22851,0.102,47838,34,6,3,1,3,1,0,9,2,1,1,Aftershock,38,EUW1_7890929110
SILVER,Wukong,0,6,7,14,0.526,270,6.2,17985,20121,0.139,43836,33,14,0,0,2,0,0,6,1,0,0,Conqueror,43,EUW1_7890712656
SILVER,Jax,1,8,5,5,0.317,142,6.1,10327,13582,0.173,18839,23,8,3,0,2,1,1,9,1,0,4,Lethal Tempo,23,EUW1_7890669550
BRONZE,Sejuani,1,9,9,16,0.521,232,6.4,16629,34241,0.173,66835,27,4,3,0,1,1,0,9,1,1,2,Aftershock,36,EUW1_7897361565
BRONZE,Udyr,0,10,3,9,0.373,149,4.1,13896,22658,0.122,42637,22,8,3,1,4,1,0,10,4,1,0,Press the Attack,36,EUW1_7897361565
SILVER,Kayn,1,8,6,13,0.568,222,7.6,13591,20496,0.167,35467,22,6,0,1,2,0,1,9,2,0,0,Conqueror,29,EUW1_7897350613
BRONZE,Amumu,0,8,10,7,0.536,174,5.9,11940,25033,0.250,36352,15,8,0,1,2,0,0,0,2,0,0,Conqueror,29,EUW1_7897350613
SILVER,Sejuani,0,7,6,8,0.625,219,7.0,13779,21609,0.229,44268,9,0,1,0,2,0,0,1,1,0,0,Aftershock,31,EUW1_7897336867
SILVER,Viego,1,16,2,9,0.521,255,8.1,18494,37796,0.257,34254,20,3,4,2,3,2,0,11,3,1,2,Hail of Blades,31,EUW1_7897336867
SILVER,Shaco,0,2,2,1,0.300,113,6.3,6059,3952,0.113,8535,14,4,0,0,0,0,0,0,0,0,0,Hail of Blades,17,EUW1_7897325172
BRONZE,Nocturne,1,6,2,2,0.364,102,5.7,7391,6702,0.142,11616,20,7,3,0,1,0,0,2,0,0,0,Lethal Tempo,17,EUW1_7897325172
BRONZE,Warwick,0,7,9,0,0.318,124,4.5,10499,8021,0.106,27408,20,4,3,0,2,0,0,1,2,0,0,Lethal Tempo,27,EUW1_7897312039
BRONZE,Udyr,1,7,4,5,0.333,220,7.9,13313,13511,0.130,25656,17,3,4,2,2,0,1,9,1,0,1,Press the Attack,27,EUW1_7897312039
BRONZE,Nocturne,1,11,6,11,0.579,292,7.2,18966,25485,0.147,48382,36,10,7,2,3,1,1,11,3,1,1,Conqueror,40,EUW1_7897279446
SILVER,Graves,0,8,9,7,0.429,262,6.5,16397,29193,0.167,35958,49,16,5,0,3,0,0,5,2,0,0,Fleet Footwork,40,EUW1_7897279446
BRONZE,Trundle,1,6,1,2,0.205,212,7.1,13898,8713,0.079,19211,35,12,1,1,3,1,1,10,3,1,3,Conqueror,29,EUW1_7897204374
SILVER,Vi,0,8,7,7,0.536,161,5.4,11196,22064,0.234,33814,17,9,0,0,2,0,0,0,2,0,0,Hail of Blades,29,EUW1_7897204374
SILVER,Zed,0,6,6,3,0.600,120,4.8,9699,9895,0.148,20748,16,6,2,0,0,0,1,1,0,0,0,Electrocute,25,EUW1_7896305089
GOLD,Jax,1,6,2,5,0.478,179,7.1,11556,12261,0.178,23462,26,8,1,3,3,1,0,6,3,1,1,Conqueror,25,EUW1_7896305089
SILVER,Master Yi,0,9,11,10,0.613,189,5.4,15357,35215,0.263,41953,15,3,2,0,1,1,0,3,1,1,0,Lethal Tempo,34,EUW1_7896281855
SILVER,Amumu,1,10,5,9,0.500,267,7.7,17901,25078,0.172,35988,22,8,3,0,5,1,1,14,4,0,0,Conqueror,34,EUW1_7896281855
SILVER,Amumu,1,8,1,25,0.750,299,7.4,19193,29458,0.174,37390,46,17,6,0,5,1,1,10,5,1,3,Conqueror,40,EUW1_7895248889
GOLD,Sylas,0,5,9,7,0.500,223,5.5,15071,36177,0.219,60801,15,0,2,0,1,1,0,4,0,1,0,Conqueror,40,EUW1_7895248889
GOLD,Nocturne,0,2,6,2,0.444,147,6.6,7743,11739,0.214,22635,15,7,0,0,1,0,0,1,1,0,0,Lethal Tempo,22,EUW1_7895218351
GOLD,Jarvan IV,1,7,0,8,0.469,141,6.3,9682,11013,0.139,14948,16,8,1,0,2,0,1,4,2,0,1,Conqueror,22,EUW1_7895218351
SILVER,Amumu,1,7,4,12,0.432,211,7.2,13660,16831,0.136,26781,15,6,0,0,4,2,1,12,3,1,0,Conqueror,29,EUW1_7895046155
SILVER,Teemo,0,5,5,9,0.583,121,4.2,10062,26397,0.293,21718,24,11,0,0,0,0,0,1,0,0,0,Dark Harvest,29,EUW1_7895046155
SILVER,Master Yi,1,7,4,10,0.362,241,7.1,15579,25295,0.183,38090,24,9,0,0,2,2,0,10,2,2,1,Lethal Tempo,34,EUW1_7894987697
SILVER,Fiddlesticks,0,3,9,6,0.375,156,4.6,11635,19135,0.157,42242,62,2,5,3,3,0,1,3,3,0,1,Dark Harvest,34,EUW1_7894987697
SILVER,Ekko,1,6,0,3,0.529,127,8.4,7739,5777,0.145,11098,9,5,0,0,2,0,0,5,2,0,0,Dark Harvest,15,EUW1_7894946450
BRONZE,Sylas,0,1,3,3,0.800,79,5.2,4891,3381,0.147,13127,2,1,0,0,0,0,0,0,0,0,0,Conqueror,15,EUW1_7894946450
SILVER,Ekko,1,13,9,8,0.553,250,6.3,19992,49735,0.217,51059,37,16,1,1,4,1,0,7,4,1,0,Dark Harvest,39,EUW1_7894889582
SILVER,Nocturne,0,10,7,11,0.512,247,6.2,16492,32635,0.200,61999,23,9,3,0,2,0,1,6,2,0,1,Hail of Blades,39,EUW1_7894889582
SILVER,Kayn,1,10,6,15,0.521,228,6.1,16609,30565,0.172,54719,20,10,1,0,4,0,1,11,3,0,2,Conqueror,37,EUW1_7894831466
SILVER,Master Yi,0,18,14,9,0.574,224,6.0,18614,67329,0.359,47892,33,11,2,0,2,2,0,5,2,2,0,Hail of Blades,37,EUW1_7894831466
SILVER,Jax,1,17,10,7,0.533,259,6.3,20863,49787,0.235,63521,45,17,0,0,3,1,0,11,2,1,0,Lethal Tempo,41,EUW1_7894669372
BRONZE,Vi,0,11,12,14,0.446,164,4.0,15540,29067,0.127,55082,30,12,1,0,3,1,1,3,2,1,0,Conqueror,41,EUW1_7894669372
SILVER,Nunu  Willump,1,5,4,16,0.553,153,6.2,11093,13764,0.143,28903,17,2,2,1,2,1,1,8,2,1,0,Stormraiders Surge,24,EUW1_7894635622
BRONZE,Sylas,0,2,9,4,0.261,115,4.6,7486,11397,0.146,31787,17,6,1,0,1,0,0,1,1,0,0,Conqueror,24,EUW1_7894635622
GOLD,Karthus,0,15,18,15,0.566,297,6.600,22807,99214,0.351,59561,25,2,5,0,2,1,0,4,1,1,0,Dark Harvest,2700,EUW1_7885180662
GOLD,Shyvana,1,9,4,15,0.353,307,6.822,20544,31877,0.119,58745,40,3,6,3,5,3,1,12,3,2,2,Press the Attack,2700,EUW1_7885180662
GOLD,Nocturne,0,5,9,1,0.375,199,6.419,12397,15121,0.177,30278,24,10,0,0,1,0,1,2,1,0,0,Hail of Blades,1860,EUW1_7884122564
GOLD,Amumu,1,7,3,21,0.622,219,7.065,14842,19740,0.166,36348,15,2,2,1,4,2,0,11,3,2,0,Conqueror,1860,EUW1_7884122564
GOLD,Tryndamere,0,6,11,5,0.355,146,5.034,10973,10325,0.107,34227,39,9,6,8,0,0,0,4,0,0,0,Lethal Tempo,1740,EUW1_7884068573
GOLD,Shaco,1,11,5,6,0.386,212,7.310,13808,19413,0.151,23444,31,14,4,1,3,0,1,8,3,0,2,Hail of Blades,1740,EUW1_7884068573
GOLD,Warwick,1,11,2,5,0.348,153,6.652,12054,15162,0.153,26759,23,9,0,2,3,1,1,12,3,1,1,Lethal Tempo,1380,EUW1_7883010509
GOLD,Jarvan IV,0,3,5,8,0.786,179,7.783,11521,10120,0.193,17959,11,4,0,0,1,0,0,1,1,0,0,Conqueror,1380,EUW1_7883010509
GOLD,Master Yi,1,15,12,9,0.632,288,6.857,21096,52938,0.272,56407,42,8,6,1,3,0,1,10,2,0,3,Lethal Tempo,2520,EUW1_7882922644
GOLD,Talon,0,27,11,6,0.688,254,6.048,22949,73309,0.415,62165,62,17,10,0,4,1,0,7,4,0,0,Fleet Footwork,2520,EUW1_7882922644
GOLD,Udyr,0,2,8,3,0.208,185,6.379,9916,10860,0.116,39455,27,8,0,0,3,0,0,1,3,0,0,Conqueror,1740,EUW1_7882254436
GOLD,Nasus,1,8,4,9,0.425,218,7.517,14699,22293,0.152,50401,12,6,0,0,1,0,0,11,1,0,3,Fleet Footwork,1740,EUW1_7882254436
SILVER,Diana,0,4,6,0,0.333,126,7.000,7086,5528,0.118,15937,12,5,1,0,0,0,0,1,0,0,0,Conqueror,1080,EUW1_7882248666
GOLD,Shaco,1,11,2,8,0.655,95,5.278,9352,10061,0.198,12397,22,5,2,3,2,0,1,3,2,0,0,Dark Harvest,1080,EUW1_7882248666
GOLD,Briar,0,1,7,15,0.485,120,4.444,8954,13877,0.114,32145,33,10,2,2,2,0,1,4,2,0,0,Press the Attack,1620,EUW1_7882227216
PLATINUM,Bel'Veth,1,14,6,12,0.722,185,6.852,15503,26979,0.225,30876,17,5,3,0,2,1,0,10,2,1,2,Conqueror,1620,EUW1_7882227216
GOLD,Graves,1,19,16,11,0.462,418,7.887,28979,51839,0.219,60350,33,2,3,0,4,3,0,14,2,2,5,Dark Harvest,3180,EUW1_7882035705
GOLD,Shaco,0,35,13,10,0.523,388,7.321,32762,86594,0.286,60362,53,11,9,0,4,1,1,8,4,0,2,Hail of Blades,3180,EUW1_7882035705
GOLD,Graves,0,3,5,7,0.500,237,8.172,12187,13903,0.166,22057,19,1,4,0,0,0,0,3,0,0,0,Dark Harvest,1740,EUW1_7881979788
SILVER,Ekko,1,13,4,5,0.563,177,6.103,13755,22734,0.255,32835,40,18,1,0,4,1,0,4,4,1,0,Dark Harvest,1740,EUW1_7881979788
GOLD,Graves,0,7,5,11,0.643,319,8.861,17581,21293,0.190,34284,30,2,7,1,1,0,0,4,1,0,0,Dark Harvest,2160,EUW1_7881912217
GOLD,Warwick,1,4,7,10,0.412,214,5.944,13913,18543,0.108,46266,21,3,2,1,4,2,1,10,4,1,1,Lethal Tempo,2160,EUW1_7881912217
GOLD,Poppy,0,1,7,5,0.375,138,6.571,6930,5189,0.094,19274,11,6,0,0,0,0,0,0,0,0,0,Dark Harvest,1260,EUW1_7880714513
GOLD,Malphite,1,1,2,5,0.200,187,8.905,8672,6678,0.083,9796,15,2,1,0,3,0,0,6,2,0,0,Press the Attack,1260,EUW1_7880714513
GOLD,Shyvana,0,7,13,5,0.444,185,5.139,13880,20333,0.145,50618,26,2,3,2,2,0,0,4,2,0,0,Press the Attack,2160,EUW1_7880656982
GOLD,Nocturne,1,9,6,18,0.529,274,7.611,17547,31267,0.189,47717,51,21,1,0,3,2,0,10,3,0,3,Lethal Tempo,2160,EUW1_7880656982
GOLD,Lee Sin,1,12,9,28,0.656,227,5.159,19701,37732,0.139,60017,31,21,1,7,3,0,0,10,2,0,1,Conqueror,2640,EUW1_7880597246
PLATINUM,Kayn,0,15,13,6,0.457,242,5.500,19122,42353,0.225,79570,25,6,2,2,3,0,0,7,3,0,0,Conqueror,2640,EUW1_7880597246
GOLD,Shaco,0,3,5,2,0.313,190,6.129,11475,9623,0.117,24606,25,9,2,0,0,0,1,7,0,0,0,Hail of Blades,1860,EUW1_7880560041
PLATINUM,Amumu,1,7,2,13,0.588,219,7.065,14997,23781,0.227,27025,32,4,7,3,5,2,0,7,3,2,0,Conqueror,1860,EUW1_7880560041
GOLD,Warwick,0,8,6,1,0.450,222,8.222,13685,19838,0.265,40299,17,3,1,1,0,0,0,3,0,0,0,Lethal Tempo,1620,EUW1_7880530875
GOLD,Master Yi,1,13,7,8,0.568,218,8.074,15764,28114,0.223,32566,10,0,0,0,4,1,0,11,2,1,3,Lethal Tempo,1620,EUW1_7880530875
GOLD,Zac,true,7,2,11,0.409,118,5.3,9380,10852,0.122,22222,13,8,0,0,2,0,1,8,1,0,1,Aftershock,22,EUW1_7896962708
GOLD,Viego,false,5,7,0,0.333,145,6.5,9980,11531,0.176,21206,20,8,1,0,0,0,0,2,0,0,0,Hail of Blades,22,EUW1_7896962708
GOLD,Graves,true,17,2,11,0.683,231,8.4,16980,39048,0.304,23114,22,1,5,0,4,1,0,7,3,1,1,Fleet Footwork,27,EUW1_7896921630
GOLD,Viego,false,2,4,1,0.111,178,6.4,10261,9796,0.114,24225,21,10,1,0,0,0,1,3,0,0,0,Hail of Blades,27,EUW1_7896921630
GOLD,Viego,true,9,3,7,0.471,223,7.8,14641,20337,0.161,24232,34,11,3,1,4,1,1,8,4,1,3,Hail of Blades,28,EUW1_7896881518
GOLD,Pantheon,false,8,3,7,0.517,209,7.3,12854,21238,0.224,31551,28,10,2,2,1,0,0,2,1,0,0,Conqueror,28,EUW1_7896881518
GOLD,Briar,false,2,6,9,0.393,246,7.1,13742,12518,0.119,33775,25,11,0,0,2,0,0,4,1,0,0,Hail of Blades,34,EUW1_7896729784
GOLD,Viego,true,6,3,10,0.400,271,7.9,16370,25724,0.198,36945,37,15,5,0,3,2,1,10,2,2,1,Hail of Blades,34,EUW1_7896729784
GOLD,Zac,false,10,6,17,0.614,234,5.9,17651,27966,0.120,64924,36,13,5,0,5,0,1,9,4,0,0,Aftershock,39,EUW1_7896678858
GOLD,Viego,true,34,8,3,0.822,287,7.3,27518,89428,0.398,55566,37,15,3,0,0,1,0,10,0,1,2,Hail of Blades,39,EUW1_7896678858
SILVER,Master Yi,false,21,10,6,0.458,294,7.2,20936,51205,0.290,61072,47,3,12,4,5,0,1,4,4,0,2,Lethal Tempo,40,EUW1_7896529699
GOLD,Viego,true,10,9,7,0.486,291,7.1,19401,28981,0.143,38128,44,17,3,2,1,1,0,15,0,1,0,Hail of Blades,40,EUW1_7896529699
GOLD,Viego,false,5,8,3,0.421,168,6.2,10943,18741,0.270,29436,24,10,3,0,0,0,0,2,0,0,0,Hail of Blades,27,EUW1_7896501101
GOLD,Shyvana,true,6,1,14,0.476,213,7.8,13818,20761,0.172,25319,24,10,0,1,3,1,1,10,2,1,1,Press the Attack,27,EUW1_7896501101
SILVER,Shen,true,3,2,17,0.513,154,5.6,10846,9557,0.087,21328,26,7,2,0,3,0,0,9,3,0,1,Guardian,27,EUW1_7896484681
GOLD,Viego,false,5,8,1,0.375,187,6.8,12096,16028,0.242,28567,31,10,5,0,1,0,1,0,1,0,0,Hail of Blades,27,EUW1_7896484681
GOLD,Fiddlesticks,true,2,1,10,0.480,187,7.2,10794,11524,0.144,21792,52,0,6,0,1,1,1,10,1,1,0,Dark Harvest,26,EUW1_7895657286
GOLD,Kayn,false,4,4,6,1.000,167,6.4,11666,14223,0.229,23602,29,13,1,0,2,0,0,4,2,0,0,Dark Harvest,26,EUW1_7895657286
GOLD,Viego,true,10,3,5,0.385,223,8.8,13946,15953,0.159,22864,23,11,0,0,3,1,1,11,3,0,0,Conqueror,25,EUW1_7895622990
GOLD,Master Yi,false,4,8,2,0.300,140,5.5,9461,12409,0.151,21036,24,6,3,1,0,0,0,1,0,0,0,Lethal Tempo,25,EUW1_7895622990
GOLD,Fiddlesticks,true,5,12,11,0.390,259,4.8,17754,28937,0.163,74549,94,2,12,2,3,1,1,11,2,1,0,Electrocute,54,EUW1_7884962812
GOLD,Kayn,false,10,10,10,0.526,368,6.8,22284,49771,0.206,69999,95,36,10,0,5,2,0,7,3,2,0,Dark Harvest,54,EUW1_7884962812
GOLD,Dr. Mundo,true,13,3,15,0.583,236,6.5,17826,37266,0.248,46420,34,16,0,0,3,2,0,9,2,1,2,Grasp of the Undying,36,EUW1_7884914799
GOLD,Tryndamere,false,6,11,8,0.389,237,6.6,14778,17291,0.126,48004,42,14,3,0,2,0,1,6,2,0,2,Lethal Tempo,36,EUW1_7884914799
GOLD,Briar,true,6,7,10,0.516,309,6.7,20514,23966,0.103,34905,63,12,19,10,2,1,0,10,2,1,0,Hail of Blades,45,EUW1_7883633004
GOLD,Dr. Mundo,false,4,5,10,0.438,297,6.5,16942,29102,0.242,89645,60,21,7,0,5,2,1,6,3,1,0,Grasp of the Undying,45,EUW1_7883633004
GOLD,Viego,true,6,4,6,0.364,192,6.9,12323,15268,0.128,26304,23,12,0,0,3,0,0,7,3,0,1,Conqueror,27,EUW1_7883606950
GOLD,Kayn,false,0,7,3,0.120,219,7.9,10350,7505,0.084,27508,29,4,1,3,1,0,1,4,1,0,0,Dark Harvest,27,EUW1_7883606950
GOLD,Ekko,false,2,9,3,0.167,209,6.8,11263,10947,0.119,34921,20,4,6,2,0,0,0,3,0,0,0,Dark Harvest,30,EUW1_7883575712
GOLD,Kayn,true,16,2,6,0.458,290,9.4,18492,27250,0.209,31171,38,17,0,0,4,1,1,8,4,1,2,Dark Harvest,30,EUW1_7883575712
GOLD,Zac,1,11,3,26,0.74,227,6.49,16657,30309,0.172,38227,20,4,2,1,4,1,1,7,1.0,1.0,0.0,Aftershock,2100,EUW1_7897099169
GOLD,Warwick,0,6,10,8,0.483,238,6.8,14479,24867,0.191,42776,38,3,5,3,1,1,0,8,1.0,1.0,0.125,Press the Attack,2100,EUW1_7897099169
GOLD,Dr. Mundo,1,14,6,11,0.41,278,6.47,21550,37155,0.169,95391,52,15,7,0,5,3,1,11,1.0,0.667,0.182,Fleet Footwork,2580,EUW1_7897033690
GOLD,Warwick,0,11,14,14,0.568,192,4.47,18171,59787,0.271,70276,36,2,3,2,1,0,0,5,0.0,0.0,0.0,Press the Attack,2580,EUW1_7897033690
PLATINUM,Lillia,1,15,4,12,0.675,267,8.09,19346,44450,0.291,48849,27,3,5,1,3,1,0,8,1.0,1.0,0.375,Conqueror,1980,EUW1_7896645527
GOLD,Warwick,0,11,7,12,0.742,208,6.3,14947,31437,0.238,43137,33,1,6,1,1,0,0,6,1.0,0.0,0.167,Press the Attack,1980,EUW1_7896645527
GOLD,Warwick,0,7,6,3,0.476,127,4.88,10264,17817,0.221,27122,11,0,3,0,0,0,0,2,0.0,0.0,0.0,Press the Attack,1560,EUW1_7896617634
PLATINUM,Zac,1,5,1,8,0.5,168,6.46,11339,13333,0.135,24225,17,3,0,3,4,1,1,10,1.0,1.0,0.1,Aftershock,1560,EUW1_7896617634
PLATINUM,Kayn,0,1,3,1,1.0,97,6.47,4934,1673,0.104,10832,8,3,1,0,1,0,0,0,1.0,0.0,0.0,Conqueror,900,EUW1_7894374729
GOLD,Warwick,1,5,1,2,0.368,97,6.47,6748,3958,0.111,9538,12,1,3,1,1,0,0,4,1.0,0.0,0.0,Press the Attack,900,EUW1_7894374729
GOLD,Briar,1,10,3,8,0.5,204,7.29,13871,14058,0.144,19651,48,16,8,6,3,1,0,9,0.667,1.0,0.0,Press the Attack,1680,EUW1_7892742422
GOLD,Warwick,0,3,9,7,0.417,126,4.5,9029,10385,0.114,30176,15,0,5,1,1,0,0,3,1.0,0.0,0.0,Press the Attack,1680,EUW1_7892742422
PLATINUM,Evelynn,1,4,4,4,0.229,184,7.36,10771,7984,0.087,20529,14,3,0,2,3,1,1,10,1.0,1.0,0.1,Electrocute,1500,EUW1_7892711576
GOLD,Warwick,0,5,5,5,0.667,145,5.8,10321,16967,0.207,26754,21,0,8,0,0,0,0,1,0.0,0.0,0.0,Lethal Tempo,1500,EUW1_7892711576
GOLD,Warwick,1,5,8,10,0.441,219,6.64,13126,13473,0.098,34100,24,0,4,0,2,0,0,9,1.0,0.0,0.333,Lethal Tempo,1980,EUW1_7892480858
GOLD,Trundle,0,7,3,11,0.783,197,5.97,13865,21567,0.238,37480,22,2,5,1,2,0,0,1,1.0,0.0,0.0,Press the Attack,1980,EUW1_7892480858
PLATINUM,Briar,1,13,10,12,0.595,268,6.23,20669,37792,0.211,60671,20,8,0,0,4,0,0,10,0.5,0.0,0.1,Press the Attack,2580,EUW1_7891753668
GOLD,Warwick,0,6,10,13,0.404,240,5.58,16044,32983,0.194,56116,28,1,5,3,3,2,2,9,0.667,0.5,0.222,Press the Attack,2580,EUW1_7891753668
GOLD,Warwick,0,9,13,2,0.55,147,5.25,12614,15377,0.173,36770,12,0,1,0,2,0,0,5,1.0,0.0,0.4,Press the Attack,1680,EUW1_7891698371
GOLD,Shaco,1,6,7,11,0.436,157,5.61,11014,14585,0.124,23796,24,4,4,2,1,1,1,9,1.0,1.0,0.111,Hail of Blades,1680,EUW1_7891698371
GOLD,Warwick,1,3,13,13,0.271,144,4.36,12000,17163,0.112,42792,29,2,4,2,0,1,0,9,0.0,0.0,0.111,Press the Attack,1980,EUW1_7889571905
PLATINUM,Briar,0,12,19,7,0.5,159,4.82,15764,26946,0.225,43527,23,5,2,1,3,0,0,3,0.333,0.0,0.0,Press the Attack,1980,EUW1_7889571905
GOLD,Warwick,1,6,8,6,0.286,191,6.82,11714,15622,0.122,27337,22,2,5,3,2,1,0,10,0.5,0.0,0.2,Press the Attack,1680,EUW1_7888183758
PLATINUM,Viego,0,9,12,5,0.438,160,5.71,12417,19175,0.173,35287,10,3,1,2,2,0,0,4,1.0,0.0,0.25,Conqueror,1680,EUW1_7888183758
GOLD,Warwick,0,13,9,7,0.667,138,4.6,14011,23054,0.192,37191,28,11,1,0,0,0,0,3,0.0,0.0,0.0,Lethal Tempo,1800,EUW1_7886209587
PLATINUM,Evelynn,1,5,6,8,0.25,178,5.93,11629,16979,0.12,26205,16,3,4,1,4,1,0,8,0.75,1.0,0.0,Electrocute,1800,EUW1_7886209587
GOLD,RekSai,0,5,10,9,0.483,138,4.93,10127,15392,0.143,38599,32,13,1,2,0,0,0,3,0.0,0.0,0.0,Hail of Blades,1680,EUW1_7886167199
GOLD,Warwick,1,9,3,12,0.477,187,6.68,14171,20283,0.145,35602,34,2,11,2,4,1,0,10,1.0,0.0,0.2,Lethal Tempo,1680,EUW1_7886167199
GOLD,Warwick,0,0,6,4,0.5,140,5.6,8448,7679,0.144,24939,32,2,8,2,1,0,0,4,1.0,0.0,0.5,Lethal Tempo,1500,EUW1_7886011531
PLATINUM,Ivern,1,4,1,14,0.621,174,6.96,11239,14941,0.15,9571,17,1,4,0,2,1,1,9,1.0,1.0,0.0,Press the Attack,1500,EUW1_7886011531
GOLD,Nocturne,0,11,7,12,0.605,269,6.73,18778,29269,0.19,53986,33,2,4,2,4,1,0,7,0.75,0.0,0.286,Lethal Tempo,2400,EUW1_7885918426
GOLD,Shaco,1,6,6,13,0.475,210,5.25,15152,21439,0.114,31886,46,2,13,1,1,2,2,9,1.0,1.0,0.0,Hail of Blades,2400,EUW1_7885918426
GOLD,Warwick,1,11,14,5,0.308,197,4.69,18578,46397,0.181,78770,26,2,1,2,4,1,0,10,0.5,0.0,0.0,Lethal Tempo,2520,EUW1_7885321232
GOLD,Kayn,0,15,10,18,0.516,268,6.38,20264,55619,0.239,78461,51,18,2,2,2,1,0,6,0.5,0.0,0.0,Conqueror,2520,EUW1_7885321232
PLATINUM,Viego,1,11,9,9,0.435,268,7.88,17686,27346,0.168,43307,30,3,6,0,3,1,1,8,3,1,0,Conqueror,2040,EUW1_7896749401
PLATINUM,Aatrox,1,5,2,9,0.35,186,7.75,10833,10789,0.116,25651,14,4,1,0,4,0,1,8,3,0,0,Conqueror,1440,EUW1_7895364428
GOLD,Viego,1,14,9,12,0.542,196,7.26,15904,27334,0.215,37513,17,0,3,1,3,0,1,7,3,0,1,Hail of Blades,1620,EUW1_7895356780
PLATINUM,Talon,0,9,11,4,0.333,154,5.7,11225,24482,0.2,38294,17,1,2,0,0,0,0,5,0,0,0,Fleet Footwork,1620,EUW1_7895356780
PLATINUM,Master Yi,0,8,8,7,0.5,241,6.89,15694,23373,0.159,34603,42,11,8,5,2,0,1,5,1,0,1,Lethal Tempo,2100,EUW1_7894536026
PLATINUM,Lee Sin,0,5,11,14,0.576,145,4.83,12721,23413,0.218,33331,38,13,4,3,1,1,0,3,1,1,0,Conqueror,1800,EUW1_7894198564
GOLD,Nocturne,0,8,12,7,0.484,161,5.37,12699,19422,0.186,35429,25,4,2,2,2,1,0,3,2,1,0,Hail of Blades,1800,EUW1_7893214693
SILVER,Fiddlesticks,0,5,6,10,0.5,200,6.67,12775,22837,0.232,26841,52,1,6,1,0,0,0,3,0,0,0,Dark Harvest,1800,EUW1_7893116025
GOLD,Evelynn,0,2,6,2,0.667,108,4.5,7675,13412,0.254,20016,17,8,0,1,1,0,0,1,1,0,0,Electrocute,1440,EUW1_7892547019
GOLD,Elise,1,14,3,10,0.585,210,7.78,14384,29687,0.272,25721,27,5,4,3,2,1,0,7,2,1,1,Electrocute,1620,EUW1_7889105710
PLATINUM,Nocturne,1,2,3,5,0.226,127,7.06,7131,4811,0.088,16376,8,2,0,1,3,0,0,4,2,0,0,Conqueror,1080,EUW1_7889091042
PLATINUM,Zed,1,11,6,9,0.444,185,7.12,13070,19458,0.166,30473,12,2,1,0,3,1,0,8,3,1,1,Conqueror,1560,EUW1_7889042723
GOLD,Rengar,1,20,7,3,0.535,246,6.83,24088,41477,0.272,45968,35,2,7,0,2,1,0,13,2,1,2,First Strike,2160,EUW1_7888197001
GOLD,Viego,0,12,14,4,0.552,122,4.69,13057,26542,0.251,38727,12,5,1,0,1,0,0,4,1,0,0,Conqueror,1560,EUW1_7887874505
PLATINUM,Nasus,1,6,2,8,0.538,238,7.44,14507,27425,0.227,53474,29,1,6,0,3,2,1,11,2,1,0,Fleet Footwork,1920,EUW1_7886944311
PLATINUM,Jax,1,6,2,5,0.458,134,7.05,9950,10457,0.212,16479,13,5,0,0,3,0,1,5,3,0,1,Conqueror,1140,EUW1_7886929820
EMERALD,Viego,1,15,5,8,0.59,265,8.55,17334,37099,0.301,30822,40,8,5,1,4,0,0,11,4,0,1,Conqueror,1860,EUW1_7883628317
PLATINUM,Lee Sin,0,16,10,6,0.537,200,5.88,17429,33761,0.202,42641,56,26,1,13,1,1,0,5,1,1,0,Conqueror,2040,EUW1_7883588183
PLATINUM,Pantheon,1,1,4,8,0.346,132,6.29,7520,10171,0.147,17679,19,7,0,2,1,0,1,3,1,0,0,Conqueror,1260,EUW1_7883566841
PLATINUM,Warwick,0,5,10,12,0.425,164,5.29,12326,14397,0.15,47185,21,12,1,0,3,0,0,2,2,0,0,Lethal Tempo,1860,EUW1_7896471621
PLATINUM,Malphite,1,10,5,13,0.535,208,6.71,16427,34118,0.23,24650,22,4,5,0,2,2,1,11,1,2,1,Press the Attack,1860,EUW1_7896471621
PLATINUM,Rammus,0,3,5,7,0.526,166,6.38,10180,12187,0.151,25858,29,11,2,1,0,0,0,4,0,0,0,Aftershock,1560,EUW1_7896447161
PLATINUM,Wukong,1,10,0,10,0.588,185,7.12,13152,18794,0.181,28193,23,4,3,3,4,0,1,5,3,0,2,Conqueror,1560,EUW1_7896447161
PLATINUM,Evelynn,1,16,3,5,0.568,229,7.63,16533,28815,0.262,22642,28,13,0,0,2,1,1,7,2,1,0,Electrocute,1800,EUW1_7896429438
GOLD,Master Yi,0,4,8,4,0.333,189,6.3,10770,12772,0.159,29331,29,5,4,0,3,0,0,1,3,0,0,Hail of Blades,1800,EUW1_7896429438
PLATINUM,Qiyana,1,4,2,11,0.517,153,6.12,10605,16210,0.217,21440,31,12,1,3,4,1,1,8,2,0,2,First Strike,1500,EUW1_7896414404
PLATINUM,Nasus,0,0,3,6,0.375,179,7.16,9096,7626,0.098,30186,28,6,4,6,0,0,0,4,0,0,0,Fleet Footwork,1500,EUW1_7896414404
PLATINUM,Warwick,0,15,8,13,0.7,284,6.45,22639,47653,0.233,64376,46,21,3,1,2,0,1,4,2,0,2,Lethal Tempo,2640,EUW1_7895557920
PLATINUM,Rengar,1,9,7,13,0.524,234,5.32,17366,28934,0.155,52592,35,5,7,1,4,2,0,14,3,2,1,Conqueror,2640,EUW1_7895557920
PLATINUM,Ekko,1,11,7,14,0.521,216,7.71,13888,21268,0.151,38272,46,23,3,6,4,0,1,10,3,0,1,Dark Harvest,1680,EUW1_7894754370
GOLD,Amumu,0,2,7,18,0.833,121,4.32,11329,17349,0.184,29528,18,3,4,1,0,0,0,2,0,0,0,Conqueror,1680,EUW1_7894754370
PLATINUM,Nocturne,1,10,5,12,0.512,291,8.82,17146,30168,0.216,32811,44,11,5,0,2,1,1,11,2,1,1,Hail of Blades,1980,EUW1_7894697510
GOLD,Gragas,0,11,4,10,0.677,198,6.0,15344,33218,0.269,35767,34,15,0,0,2,0,0,3,2,0,1,Electrocute,1980,EUW1_7894697510
PLATINUM,Master Yi,0,10,10,3,0.481,163,6.04,13129,24644,0.263,29725,25,12,1,0,0,0,0,1,0,0,1,Lethal Tempo,1620,EUW1_7894645318
PLATINUM,Quinn,1,15,4,9,0.667,217,8.04,16570,29014,0.235,20942,27,1,7,1,4,1,1,9,2,0,0,Electrocute,1620,EUW1_7894645318
PLATINUM,Shaco,0,12,13,7,0.487,211,5.86,16433,25488,0.141,42636,40,15,6,0,1,0,0,5,1,0,0,Hail of Blades,2160,EUW1_7894599901
GOLD,KhaZix,1,19,8,8,0.659,208,5.78,19296,42789,0.245,43701,46,15,4,4,4,2,1,11,4,2,0,Dark Harvest,2160,EUW1_7894599901
PLATINUM,Evelynn,0,5,6,9,0.483,146,5.41,10766,13700,0.151,24890,25,8,4,0,1,0,1,3,0,0,0,Electrocute,1620,EUW1_7894553971
PLATINUM,Lee Sin,1,7,8,16,0.489,169,6.26,12052,19054,0.184,27537,18,8,2,2,2,1,0,8,2,1,0,Dark Harvest,1620,EUW1_7894553971
PLATINUM,Viego,1,9,2,9,0.5,192,7.11,14440,22654,0.262,25122,37,7,6,7,3,1,0,8,2,1,2,Conqueror,1620,EUW1_7894495238
PLATINUM,Master Yi,0,4,5,3,0.28,231,8.56,12788,10925,0.131,19675,20,0,5,0,1,0,1,2,1,0,1,Lethal Tempo,1620,EUW1_7894495238
PLATINUM,Jax,1,5,3,5,0.263,187,6.93,11899,15916,0.113,25399,36,16,1,4,2,1,1,9,2,1,1,Lethal Tempo,1620,EUW1_7894460374
PLATINUM,Sejuani,0,6,7,5,0.524,212,7.85,11452,16514,0.215,45024,33,4,9,3,2,0,0,1,2,0,0,Stormraiders Surge,1620,EUW1_7894460374
PLATINUM,Shyvana,0,8,6,8,0.457,239,6.46,15773,33614,0.186,45228,45,15,6,2,2,0,1,5,2,0,1,Press the Attack,2220,EUW1_7894423496
PLATINUM,Elise,1,9,10,10,0.432,239,6.46,15679,31717,0.183,43483,64,7,19,4,4,0,0,8,4,0,1,Dark Harvest,2220,EUW1_7894423496
PLATINUM,Fiddlesticks,0,12,11,12,0.727,179,5.26,15889,38746,0.262,45981,60,0,5,0,2,0,0,4,1,0,0,Dark Harvest,2040,EUW1_7894367895
PLATINUM,Briar,1,8,9,14,0.44,233,6.85,16210,36369,0.197,53678,23,1,4,4,3,2,1,10,3,2,1,Press the Attack,2040,EUW1_7894367895
PLATINUM,Kindred,0,5,5,11,0.5,315,7.5,17988,27990,0.173,46850,52,2,13,1,3,1,1,8,3,0,1,Press the Attack,2520,EUW1_7894319881
PLATINUM,Wukong,1,4,3,15,0.528,270,6.43,16313,24650,0.163,55775,27,2,5,0,4,1,0,9,4,1,1,Conqueror,2520,EUW1_7894319881
GOLD,Shyvana,0,5,13,10,0.366,202,5.05,14408,22650,0.129,46243,70,20,4,2,3,0,0,10,3,0,0,Press the Attack,2400,EUW1_7894292546
GOLD,Amumu,1,6,9,25,0.633,217,5.42,16404,32527,0.192,47778,24,1,7,1,3,2,0,8,2,2,0,Conqueror,2400,EUW1_7894292546
PLATINUM,Lee Sin,0,1,6,5,0.5,157,6.4,7976,8057,0.128,27663,15,7,0,0,0,0,0,0,0,0,0,Conqueror,1440,EUW1_7896979553
PLATINUM,Udyr,1,10,0,0,0.263,230,9.4,14268,11096,0.132,12726,21,4,6,1,3,1,1,11,0.667,1.0,0.273,Press the Attack,1440,EUW1_7896979553
PLATINUM,KhaZix,0,2,8,4,0.353,126,4.9,9212,7356,0.097,25885,7,0,1,0,0,0,0,2,0,0,0,First Strike,1500,EUW1_7896760340
PLATINUM,Lee Sin,1,8,1,10,0.439,217,8.4,13712,12442,0.135,22691,16,7,1,0,3,1,1,9,0.333,1.0,0.333,Conqueror,1500,EUW1_7896760340
PLATINUM,Udyr,0,4,4,3,0.467,148,5.6,9004,12107,0.167,23517,24,9,4,0,1,0,0,1,1.0,0,0,Conqueror,1560,EUW1_7896018813
PLATINUM,Lee Sin,1,3,3,4,0.318,170,6.5,9735,10921,0.132,28648,15,8,0,0,2,0,0,10,0.5,0,0.1,Conqueror,1560,EUW1_7896018813
PLATINUM,Master Yi,0,4,10,2,0.5,111,4.7,8511,6008,0.119,23912,11,4,0,0,1,0,0,0,1.0,0,0,Lethal Tempo,1380,EUW1_7895858990
PLATINUM,Jax,1,9,1,8,0.459,184,7.7,11794,12219,0.13,21013,13,3,1,0,3,0,1,11,1.0,0,0.273,Conqueror,1380,EUW1_7895858990
PLATINUM,Lillia,0,10,11,12,0.733,219,6.8,17623,36194,0.341,50418,25,4,5,0,0,0,1,6,0,0,0,Conqueror,1920,EUW1_7895408646
PLATINUM,Jarvan IV,1,10,7,28,0.679,207,6.4,16444,32502,0.206,40634,33,6,6,4,4,1,0,9,1.0,1.0,0,Conqueror,1920,EUW1_7895408646
PLATINUM,Warwick,0,8,5,2,0.556,203,7.3,12421,12830,0.133,25607,27,2,8,0,1,0,0,3,1.0,0,0,Lethal Tempo,1620,EUW1_7894885277
PLATINUM,Jax,1,10,3,4,0.4,233,8.4,14300,14576,0.139,25850,19,6,1,0,3,1,1,10,0.667,0,0.1,Conqueror,1620,EUW1_7894885277
PLATINUM,Jax,0,9,4,4,0.765,241,7.8,14598,21740,0.269,34480,27,9,3,0,0,0,1,3,0,0,0,Conqueror,1860,EUW1_7894724071
PLATINUM,Shyvana,1,6,2,12,0.545,203,6.5,13304,16812,0.157,29112,21,2,2,2,4,1,0,10,0.75,0,0.3,Conqueror,1860,EUW1_7894724071
PLATINUM,Graves,1,14,2,5,0.679,268,8.8,17460,22341,0.221,20655,23,6,2,0,4,1,1,9,1.0,0,0.222,Conqueror,1800,EUW1_7894419847
PLATINUM,Master Yi,0,5,9,5,0.37,172,5.7,11565,12469,0.123,21688,35,12,2,0,0,0,0,3,0,0,0.333,Lethal Tempo,1800,EUW1_7894419847
PLATINUM,Nasus,0,2,7,7,0.6,161,5.6,9396,6350,0.089,44046,11,3,1,2,1,0,0,1,1.0,0,0,Fleet Footwork,1680,EUW1_7894288239
PLATINUM,Graves,1,5,3,8,0.406,227,7.9,13079,16297,0.144,23133,24,7,2,0,4,1,1,13,0.5,1.0,0.154,Conqueror,1680,EUW1_7894288239
PLATINUM,Jax,1,6,0,0,0.24,157,8.5,8544,8540,0.155,14254,10,4,0,0,3,0,1,6,0.667,0,0,Conqueror,1080,EUW1_7893829745
EMERALD,Vi,0,1,6,3,0.444,107,5.8,6057,4453,0.128,15143,9,5,0,0,0,0,0,1,0,0,0,Hail of Blades,1080,EUW1_7893829745
PLATINUM,Diana,1,4,1,4,0.364,168,8.8,9324,10360,0.188,10972,15,5,2,3,1,0,1,2,1.0,0,0.5,Conqueror,1140,EUW1_7893235176
PLATINUM,Lee Sin,0,1,2,2,0.3,87,4.5,5885,2970,0.063,9702,11,4,1,0,1,0,0,1,1.0,0,0,Conqueror,1140,EUW1_7893235176
PLATINUM,Vi,1,9,4,5,0.292,195,7.1,12180,18770,0.152,22383,32,11,2,1,4,1,0,10,1.0,1.0,0.1,Hail of Blades,1620,EUW1_7892877720
PLATINUM,Lee Sin,0,4,7,8,0.462,174,6.4,11157,12518,0.15,33640,16,8,0,0,0,0,0,2,0,0,0,Conqueror,1620,EUW1_7892877720
PLATINUM,Nunu  Willump,0,9,7,12,0.5,240,7.0,15926,28175,0.188,43557,28,9,4,0,2,0,1,6,0,0,0,Dark Harvest,2040,EUW1_7892356574
PLATINUM,Graves,1,12,9,10,0.579,268,7.8,18333,28510,0.2,34119,21,8,1,0,4,1,0,11,1.0,1.0,0,Conqueror,2040,EUW1_7892356574
PLATINUM,Jax,1,10,1,4,0.609,221,8.3,13108,21727,0.246,31199,19,9,1,0,2,1,1,4,1.0,1.0,0,Conqueror,1560,EUW1_7892129907
PLATINUM,Amumu,0,2,5,7,0.692,170,6.4,9741,16607,0.221,26008,15,7,0,0,1,0,0,2,1.0,0,0,Conqueror,1560,EUW1_7892129907
PLATINUM,Viego,1,28,7,11,0.78,209,6.4,21943,59358,0.368,40121,24,3,3,1,3,1,1,9,0.667,0,0.222,Conqueror,1920,EUW1_7891670495
PLATINUM,Graves,0,5,12,8,0.325,194,5.9,13284,18303,0.134,30274,38,6,8,0,2,0,0,3,1.0,0,0,Conqueror,1920,EUW1_7891670495
PLATINUM,BelVeth,1,1,7,12,0.333,203,6.3,12714,13267,0.094,32182,30,11,3,0,2,1,1,8,1.0,1.0,0.125,Conqueror,1920,EUW1_7891393477
PLATINUM,Lee Sin,0,14,7,14,0.8,208,6.5,15861,22467,0.178,52437,16,7,0,0,3,0,1,4,0.667,0,0,Conqueror,1920,EUW1_7891393477
EMERALD,Pantheon,1,5,1,11,0.39,184,7.67,10688,10853,0.101,23272,18,4,2,0,3,1,0,11,3,1,1,Conqueror,24,EUW1_7896002160
EMERALD,Lee Sin,0,2,7,3,0.556,155,6.46,8123,10107,0.133,25772,16,11,0,1,0,0,0,0,0,0,0,Conqueror,24,EUW1_7896002160
EMERALD,Lee Sin,0,9,8,16,0.625,271,6.45,18040,25720,0.168,60557,41,22,1,2,2,1,1,5,2,1,0,Conqueror,42,EUW1_7894918161
DIAMOND,Fiddlesticks,1,9,7,16,0.521,237,5.64,18553,37832,0.218,43520,84,0,3,0,4,2,0,11,2,2,0,First Strike,42,EUW1_7894918161
EMERALD,Naafiri,1,8,2,3,0.458,259,10.36,13376,12263,0.148,18363,15,1,3,0,2,1,1,11,2,1,1,Conqueror,25,EUW1_7894868883
PLATINUM,Graves,0,4,3,3,0.583,186,7.44,10745,17941,0.263,17635,34,6,4,3,2,0,0,0,2,0,0,Dark Harvest,25,EUW1_7894868883
EMERALD,Shyvana,1,9,1,6,0.455,181,8.62,12071,14089,0.183,15620,21,8,1,0,2,0,1,4,2,0,2,Press the Attack,21,EUW1_7894801122
EMERALD,Kayn,0,4,5,4,0.4,143,6.81,8983,11222,0.222,19780,14,2,3,0,1,0,0,0,1,0,0,Dark Harvest,21,EUW1_7894801122
EMERALD,Ekko,1,8,3,9,0.531,175,6.25,12387,16627,0.166,28072,31,4,5,2,3,1,1,10,3,1,1,Dark Harvest,28,EUW1_7866979386
EMERALD,Lee Sin,0,8,6,3,0.611,220,7.86,13223,16122,0.214,29539,35,15,1,4,1,0,0,3,0,0,0,Conqueror,28,EUW1_7866979386
DIAMOND,Vi,1,18,5,12,0.638,204,6.38,16676,32014,0.25,26556,39,18,3,0,3,1,0,11,1,1,2,Hail of Blades,32,EUW1_7866692894
EMERALD,Lee Sin,0,7,7,0,0.412,272,8.5,14467,9248,0.112,34548,27,15,0,3,2,0,1,3,2,0,0,Conqueror,32,EUW1_7866692894
EMERALD,Graves,1,19,3,5,0.632,214,9.3,16146,36706,0.34,19202,28,3,2,1,2,1,1,8,2,1,1,Fleet Footwork,23,EUW1_7866658758
EMERALD,Lee Sin,0,5,7,4,0.429,153,6.65,9667,11511,0.168,26329,12,9,1,1,1,0,0,2,1,0,0,Conqueror,23,EUW1_7866658758
DIAMOND,Qiyana,1,13,5,6,0.487,227,8.73,16061,20430,0.178,23186,28,7,2,0,3,0,1,9,3,0,2,First Strike,26,EUW1_7862735221
EMERALD,Lee Sin,0,5,9,2,0.35,178,6.85,11379,14087,0.164,32244,19,10,2,1,0,0,0,1,0,0,0,Conqueror,26,EUW1_7862735221
EMERALD,Lee Sin,1,6,3,5,0.44,262,10.08,13834,11412,0.128,23270,19,11,1,2,2,1,1,10,1,1,2,Conqueror,26,EUW1_7862697996
PLATINUM,Master Yi,0,3,3,4,0.304,131,5.04,9415,11084,0.143,22973,25,11,1,0,1,0,0,2,1,0,0,Hail of Blades,26,EUW1_7862697996
EMERALD,Lee Sin,1,11,2,9,0.571,231,8.56,15153,23167,0.217,34921,31,14,1,3,3,1,1,10,1,0,0,Conqueror,27,EUW1_7861702705
MASTER,Viego,0,11,9,5,0.615,167,6.19,12696,24956,0.198,29914,9,0,4,0,1,0,0,3,0,0,0,Conqueror,27,EUW1_7861702705
EMERALD,Vi,1,9,3,4,0.464,188,7.83,12688,15342,0.162,21264,18,4,3,0,2,0,1,10,2,0,2,Hail of Blades,24,EUW1_7861604366
EMERALD,Lee Sin,0,5,3,3,0.421,218,9.08,11260,15310,0.193,26373,23,12,1,3,1,0,0,0,1,0,0,Conqueror,24,EUW1_7861604366
EMERALD,Lee Sin,0,14,9,4,0.486,278,7.32,18518,26429,0.171,52117,36,17,4,3,2,0,1,6,2,0,0,Conqueror,38,EUW1_7859560241
EMERALD,Amumu,1,5,8,16,0.362,217,5.71,15064,17231,0.094,43811,47,8,7,4,3,2,0,9,3,1,0,Electrocute,38,EUW1_7859560241
DIAMOND,Kayn,0,3,7,7,0.345,195,6.29,11912,22486,0.165,39206,38,7,9,6,0,0,0,3,0,0,0,Conqueror,31,EUW1_7859506857
EMERALD,Lee Sin,1,8,3,11,0.487,226,7.29,14644,24575,0.192,35656,47,22,3,8,4,2,1,10,4,1,2,Conqueror,31,EUW1_7859506857
EMERALD,Jarvan IV,1,2,7,15,0.531,200,6.45,12185,15960,0.136,35417,16,2,3,0,4,1,0,11,3,1,1,Conqueror,31,EUW1_7858577046
EMERALD,Graves,0,7,6,6,0.433,247,7.97,14357,24437,0.203,25333,38,17,0,3,0,0,1,3,0,0,0,Dark Harvest,31,EUW1_7858577046
EMERALD,Wukong,1,9,2,10,0.576,245,8.75,14220,20620,0.202,30894,34,11,3,1,4,0,1,9,4,0,5,Conqueror,28,EUW1_7858537534
EMERALD,Lee Sin,0,5,5,5,0.4,175,6.25,11203,13222,0.131,26969,16,12,1,2,0,1,0,1,0,1,0,Conqueror,28,EUW1_7858537534
EMERALD,Talon,1,12,2,10,0.449,337,10.21,18316,43182,0.258,36756,29,2,8,1,4,2,0,11,4,2,0,Fleet Footwork,33,EUW1_7858479647
EMERALD,Taliyah,0,3,15,8,0.367,162,4.91,12434,25328,0.208,34627,21,14,1,0,1,0,0,0,1,0,0,First Strike,33,EUW1_7858479647
EMERALD,Shaco,0,11,11,6,0.708,198,6.19,15121,29310,0.262,28894,43,4,11,3,0,0,1,2,0,0,0,Hail of Blades,32,EUW1_7858409322
EMERALD,Lee Sin,1,14,2,8,0.468,237,7.41,16802,18729,0.15,33128,47,17,2,4,5,2,0,11,2,2,1,Conqueror,32,EUW1_7858409322
EMERALD,Kayn,1,11,11,13,0.511,244,6.6,16937,28100,0.166,43393,30,3,10,1,1,0,1,9,0,0,0,Dark Harvest,2220,EUW1_7896502685
EMERALD,Jarvan IV,0,9,9,13,0.537,237,6.4,15996,23940,0.154,47168,41,1,12,0,3,2,0,6,3,2,0,Conqueror,2220,EUW1_7896502685
DIAMOND,Viego,1,19,6,8,0.529,208,6.5,18364,35866,0.207,41505,43,10,2,7,3,1,1,11,3,1,0,Conqueror,1920,EUW1_7895620822
EMERALD,Naafiri,0,7,8,3,0.256,235,7.3,13481,20525,0.147,35132,22,1,7,0,2,0,0,4,2,0,0,Conqueror,1920,EUW1_7895620822
EMERALD,Nasus,0,7,3,5,0.600,170,6.3,11535,23439,0.267,40255,17,2,3,0,0,0,1,4,0,0,0,Fleet Footwork,1620,EUW1_7894518565
EMERALD,Diana,1,8,3,7,0.577,198,7.3,13224,26005,0.226,25151,16,3,1,0,4,1,0,8,4,1,2,Conqueror,1620,EUW1_7894518565
EMERALD,Sylas,0,6,8,4,0.435,175,6.7,12712,19829,0.239,33015,24,4,6,1,1,0,0,3,1,0,1,Dark Harvest,1560,EUW1_7894475259
EMERALD,Diana,1,14,1,10,0.533,229,8.8,15827,33143,0.286,24916,19,1,3,0,3,1,1,11,3,1,2,Conqueror,1560,EUW1_7894475259
EMERALD,Jarvan IV,0,2,9,22,0.706,214,5.6,14912,19048,0.125,48496,34,4,3,1,2,0,1,3,1,0,0,Conqueror,2280,EUW1_7894300905
EMERALD,Briar,1,19,9,4,0.500,250,6.6,20285,38501,0.273,46430,42,4,7,0,4,2,0,10,3,2,0,Press the Attack,2280,EUW1_7894300905
EMERALD,Viego,1,7,0,3,0.345,233,9.7,12651,11355,0.139,11939,14,1,3,1,3,0,1,9,3,0,2,Conqueror,1440,EUW1_7894280957
EMERALD,Briar,0,6,5,2,0.615,168,7.0,11424,18223,0.260,25464,2,0,0,0,1,0,0,1,1,0,1,Press the Attack,1440,EUW1_7894280957
EMERALD,Master Yi,1,17,6,3,0.488,247,9.9,16655,27137,0.265,21918,19,1,5,0,2,1,0,10,2,1,2,Lethal Tempo,1500,EUW1_7893258161
EMERALD,Kayn,0,4,6,6,0.435,157,6.3,10209,8563,0.119,28428,34,5,5,4,2,0,0,4,2,0,0,Conqueror,1500,EUW1_7893258161
EMERALD,Shyvana,0,8,10,10,0.529,187,5.3,12830,27301,0.178,45332,29,2,7,1,4,0,0,3,4,0,0,Press the Attack,2100,EUW1_7892698667
EMERALD,Kayn,1,16,9,5,0.512,282,8.1,19306,33806,0.221,45359,25,2,5,0,1,2,1,11,0,2,2,Dark Harvest,2100,EUW1_7892698667
EMERALD,Karthus,1,13,10,14,0.600,224,7.2,16115,54089,0.319,32669,34,12,3,1,2,1,0,10,2,1,1,Deathfire Touch,1860,EUW1_7892651809
EMERALD,Jarvan IV,0,7,7,15,0.667,211,6.8,15654,19257,0.171,33081,23,1,6,0,2,0,0,3,2,0,0,Conqueror,1860,EUW1_7892651809
EMERALD,Kayn,1,4,6,11,0.306,285,8.1,15929,19104,0.118,39102,36,1,8,0,4,1,1,11,4,1,1,Dark Harvest,2100,EUW1_7892602161
EMERALD,Viego,0,20,10,4,0.667,247,7.1,23052,48128,0.341,50878,24,5,4,4,1,0,0,6,0,0,1,Conqueror,2100,EUW1_7892602161
EMERALD,Kayn,0,6,9,9,0.441,197,6.6,12681,23713,0.205,35221,24,2,5,1,0,0,0,3,0,0,0,Dark Harvest,1800,EUW1_7891150371
EMERALD,Viego,1,22,5,8,0.638,244,8.1,20000,41991,0.338,31460,34,2,11,0,4,1,1,11,4,1,0,Conqueror,1800,EUW1_7891150371
EMERALD,Kayn,1,20,2,8,0.636,215,9.3,14775,31833,0.290,23916,9,0,0,0,2,0,1,10,2,0,0,Dark Harvest,1380,EUW1_7891135402
EMERALD,Brand,0,2,11,4,0.375,116,5.0,8060,10286,0.167,26718,7,1,1,0,0,0,0,2,0,0,0,Deathfire Touch,1380,EUW1_7891135402
EMERALD,Lee Sin,0,7,9,8,0.556,153,5.5,12012,14308,0.161,30045,34,16,3,6,2,0,1,4,1,0,1,Conqueror,1680,EUW1_7891093758
PLATINUM,Master Yi,1,20,8,2,0.537,194,6.9,16298,29791,0.286,30432,23,3,5,3,3,1,0,9,3,0,1,Lethal Tempo,1680,EUW1_7891093758
EMERALD,Master Yi,1,19,1,4,0.561,237,8.2,17943,45479,0.397,23502,15,1,2,0,2,1,0,7,2,1,1,Lethal Tempo,1740,EUW1_7891055905
EMERALD,Sejuani,0,0,8,4,0.182,209,7.2,9716,10147,0.112,44552,29,10,4,0,3,0,1,3,3,0,0,Aftershock,1740,EUW1_7891055905
EMERALD,Viego,1,10,4,6,0.457,162,6.5,12277,18783,0.205,22587,17,3,1,1,3,1,1,10,1,1,0,Hail of Blades,1500,EUW1_7891053608
EMERALD,Diana,0,2,6,9,0.647,190,7.6,10290,13791,0.208,26256,18,1,2,0,0,0,0,2,0,0,0,Conqueror,1500,EUW1_7891053608
EMERALD,Jarvan IV,1,4,2,19,0.561,182,7.3,12599,11025,0.094,20714,12,1,2,0,2,1,1,13,2,1,2,Conqueror,1500,EUW1_7890948419
PLATINUM,Sylas,0,14,8,11,0.806,150,6.0,15895,28330,0.370,37311,22,10,0,0,2,0,0,2,2,0,0,First Strike,1500,EUW1_7890948419
EMERALD,Wukong,1,18,6,11,0.806,211,5.9,20117,40038,0.251,50959,27,6,4,1,1,2,0,10,1,2,2,Conqueror,2160,EUW1_7889313479
EMERALD,Naafiri,0,9,8,6,0.455,279,7.8,15657,21490,0.137,40313,25,2,5,0,4,0,0,6,4,0,0,Conqueror,2160,EUW1_7889313479
BRONZE,Trundle,1,1,3,5,0.207,141,6.2,8329,6214,0.078,19556,19,8,0,0,2,1,0,10,2,1,2,Press the Attack,1320,EUW1_7897480949
SILVER,Qiyana,0,5,6,8,0.722,83,3.7,7679,10899,0.179,18697,18,10,0,4,0,0,1,1,0,0,0,First Strike,1320,EUW1_7897480949
BRONZE,Trundle,0,2,10,12,0.519,184,5.9,10651,17203,0.175,42046,31,11,3,0,2,0,0,2,1,0,0,Press the Attack,1860,EUW1_7897457656
SILVER,Rammus,1,5,5,13,0.529,161,5.2,12028,14662,0.115,33915,36,11,7,0,3,1,1,10,3,1,1,Aftershock,1860,EUW1_7897457656
BRONZE,Trundle,1,6,1,8,0.438,154,7.2,11284,11641,0.157,17921,22,9,1,3,3,0,1,11,3,0,4,Press the Attack,1260,EUW1_7897320007
IRON,Diana,0,1,8,4,0.500,126,5.9,7074,5522,0.137,16443,6,2,0,0,0,0,0,0,0,0,0,Conqueror,1260,EUW1_7897320007
BRONZE,Trundle,1,6,4,8,0.560,251,8.0,15338,16211,0.155,38622,35,13,1,0,3,1,1,11,2,1,3,Press the Attack,1860,EUW1_7897299819
SILVER,Wukong,0,5,3,5,0.588,217,6.9,12019,16854,0.177,29957,32,14,1,0,2,0,0,1,2,0,0,Conqueror,1860,EUW1_7897299819
BRONZE,Trundle,1,10,2,5,0.652,89,5.2,8175,9177,0.199,14489,12,6,0,0,2,0,0,2,2,0,0,Press the Attack,1020,EUW1_7897278299
BRONZE,Naafiri,0,4,6,0,0.400,76,4.4,6006,4711,0.145,13863,8,5,0,0,0,0,0,0,0,0,0,Conqueror,1020,EUW1_7897278299
BRONZE,Diana,0,3,9,2,0.417,129,5.4,8404,9028,0.135,24696,28,10,4,4,1,0,0,0,1,0,0,Conqueror,1440,EUW1_7897252441
BRONZE,Amumu,1,3,2,8,0.268,198,8.2,10586,8055,0.091,13405,28,9,2,0,3,1,1,8,2,1,1,Conqueror,1440,EUW1_7897252441
SILVER,Warwick,1,23,8,13,0.667,288,6.8,24713,53247,0.244,77432,28,8,3,0,4,3,1,14,3,3,1,Lethal Tempo,2520,EUW1_7897100414
BRONZE,Trundle,0,10,8,18,0.519,252,5.9,19500,40432,0.173,72773,38,11,4,0,3,0,0,5,3,0,0,Press the Attack,2520,EUW1_7897100414
BRONZE,Diana,0,2,7,1,0.150,123,5.3,7256,6808,0.112,19372,9,0,2,0,0,0,0,0,0,0,0,Conqueror,1380,EUW1_7896474906
BRONZE,Trundle,1,9,3,8,0.486,163,7.0,11836,13256,0.150,26652,24,8,3,0,3,0,1,10,3,0,2,Press the Attack,1380,EUW1_7896474906
SILVER,Briar,1,9,4,6,0.366,198,7.1,14034,19500,0.175,25988,17,7,2,0,3,1,1,9,2,1,0,Hail of Blades,1620,EUW1_7891951297
BRONZE,Trundle,0,8,9,8,0.640,146,5.2,11505,17021,0.217,36005,17,5,1,2,1,0,0,3,1,0,0,Press the Attack,1620,EUW1_7891951297
BRONZE,Trundle,0,7,11,22,0.460,230,4.9,19291,32117,0.135,93675,62,23,2,2,4,0,1,11,3,0,5,Press the Attack,2820,EUW1_7891009791
BRONZE,Briar,1,11,20,16,0.338,210,4.4,18674,52787,0.178,65563,37,11,1,0,3,3,0,10,2,3,0,Hail of Blades,2820,EUW1_7891009791
BRONZE,Jax,1,6,8,7,0.317,142,5.1,10772,15890,0.112,22408,29,9,3,0,2,0,0,7,2,0,0,Lethal Tempo,1620,EUW1_7890995045
BRONZE,Trundle,0,7,7,4,0.355,147,5.3,11579,10722,0.134,42866,21,7,2,3,2,0,1,4,2,0,1,Press the Attack,1620,EUW1_7890995045
BRONZE,Trundle,1,12,6,15,0.509,339,7.1,23446,30796,0.146,87332,45,12,7,6,5,3,1,12,4,3,1,Press the Attack,2880,EUW1_7890172557
SILVER,Teemo,0,7,9,15,0.489,427,8.9,24062,65629,0.234,39756,54,12,8,0,3,0,0,7,3,0,2,Dark Harvest,2880,EUW1_7890172557
BRONZE,Graves,0,9,5,2,0.393,246,7.7,14358,25636,0.210,25325,26,13,0,0,1,0,0,3,1,0,1,Fleet Footwork,1860,EUW1_7889310599
BRONZE,Trundle,1,3,2,6,0.333,254,8.0,13168,8412,0.103,36945,30,12,3,2,4,1,1,7,2,0,2,Press the Attack,1860,EUW1_7889310599
BRONZE,Warwick,1,6,1,6,0.462,132,5.1,10542,9953,0.129,22211,21,10,0,0,3,1,1,8,3,0,2,Lethal Tempo,1500,EUW1_7889277707
BRONZE,Trundle,0,1,6,2,0.375,145,5.6,8045,9180,0.128,28481,27,9,1,0,1,0,0,1,1,0,0,Press the Attack,1500,EUW1_7889277707
BRONZE,Trundle,0,2,9,7,0.600,103,4.7,7253,7689,0.158,29151,12,8,0,2,1,0,0,0,0,0,0,Press the Attack,1320,EUW1_7889249346
BRONZE,Briar,1,12,5,5,0.425,121,5.5,11952,15271,0.153,22344,15,5,2,0,2,0,1,10,2,0,0,Press the Attack,1320,EUW1_7889249346
BRONZE,Trundle,1,4,4,19,0.489,175,5.5,13286,21732,0.146,36339,25,9,2,6,4,1,1,10,2,1,2,Press the Attack,1860,EUW1_7887392215
SILVER,Shaco,0,8,9,2,0.385,171,5.3,12039,22372,0.225,29078,13,0,3,0,0,0,0,2,0,0,0,Hail of Blades,1860,EUW1_7887392215
BRONZE,Trundle,1,5,4,10,0.395,106,5.3,8838,13276,0.156,20984,15,6,0,0,1,0,1,11,0,0,3,Press the Attack,1140,EUW1_7887360830
SILVER,Kayn,0,1,6,4,0.417,128,6.4,7517,7665,0.183,21065,12,6,1,0,2,0,0,0,2,0,0,Conqueror,1140,EUW1_7887360830
BRONZE,Malphite,1,7,7,8,0.385,227,6.1,15547,24250,0.172,30093,24,7,1,0,2,1,1,11,1,0,4,Press the Attack,2220,EUW1_7896067151
BRONZE,Viego,0,4,12,14,0.474,169,4.6,12660,21919,0.150,41109,45,15,1,2,2,0,0,4,2,0,0,Conqueror,2220,EUW1_7896067151
BRONZE,Warwick,1,7,4,3,0.385,76,4.5,6713,7096,0.128,12170,15,6,0,0,2,0,0,2,1,0,0,Lethal Tempo,960,EUW1_7896034890
BRONZE,Shyvana,1,6,4,6,0.300,249,7.3,14187,15719,0.095,24156,27,12,1,0,2,1,1,10,2,1,0,Hail of Blades,2040,EUW1_7895803237
SILVER,Viego,1,15,4,5,0.455,286,7.3,21683,36827,0.215,35527,25,2,3,0,5,2,1,11,5,2,1,Conqueror,2340,EUW1_7895648853
IRON,Kayn,1,6,9,4,0.238,246,6.4,13900,14211,0.089,38439,16,0,4,0,3,1,1,10,3,1,1,Conqueror,2280,EUW1_7895576167
BRONZE,Kayn,0,11,11,3,0.538,124,4.5,11971,26432,0.261,34190,16,7,0,0,0,0,0,2,0,0,0,Conqueror,1620,EUW1_7895225361
SILVER,Evelynn,1,12,2,8,0.444,214,7.5,13896,28678,0.241,21081,26,12,1,0,4,0,0,11,3,0,0,Electrocute,1680,EUW1_7894750175
SILVER,Nocturne,1,11,2,3,0.636,186,7.4,12525,18608,0.239,26975,18,7,0,0,3,0,0,3,3,0,1,Conqueror,1500,EUW1_7893830166
IRON,Jax,1,6,8,12,0.316,202,5.7,14843,22018,0.128,40838,24,9,0,0,5,1,0,10,4,0,1,Press the Attack,2100,EUW1_7893734775
SILVER,Master Yi,1,22,10,7,0.527,224,7.4,19069,49547,0.324,38668,46,13,4,0,3,0,1,9,3,0,3,Hail of Blades,1800,EUW1_7893585830
BRONZE,Naafiri,0,9,8,7,0.471,185,4.8,15496,32604,0.238,38236,53,14,4,6,2,0,0,6,1,0,1,Conqueror,2160,EUW1_7893454423
BRONZE,Pantheon,1,7,6,4,0.275,180,4.9,14424,22637,0.141,31558,24,8,1,0,3,1,1,9,1,1,0,Conqueror,2160,EUW1_7893454423
BRONZE,Naafiri,0,9,8,7,0.410,185,4.8,15496,32604,0.186,38236,53,14,4,6,3,0,1,8,1,0,1,Conqueror,2280,EUW1_7893400045
BRONZE,Xin Zhao,0,12,10,4,0.727,135,5.3,12406,22943,0.265,35956,25,9,2,0,0,0,1,2,0,0,0,Conqueror,1500,EUW1_7890387348
SILVER,Master Yi,1,8,4,5,0.325,198,7.1,13331,13324,0.135,24952,37,10,4,1,3,1,1,10,3,1,3,Hail of Blades,1620,EUW1_7887288324
SILVER,Jarvan IV,1,5,1,16,0.553,240,8.5,14112,19161,0.169,20902,40,11,4,3,4,0,1,11,3,0,1,Conqueror,1680,EUW1_7879568188
SILVER,Master Yi,0,3,4,2,0.333,228,7.1,11710,10607,0.127,32314,27,11,1,0,2,0,1,3,2,0,0,Lethal Tempo,1860,EUW1_7877541795
BRONZE,Rengar,0,8,8,8,0.552,193,5.8,13668,15818,0.174,27336,29,11,6,0,1,0,0,4,1,0,0,Conqueror,1980,EUW1_7876716891
DIAMOND,Skarner,1,3,8,20,0.5,253,6.5,15090,27116,0.116,52902,39,2,10,3,3,2,0,8,2,2,1,Grasp of the Undying,39,EUW1_7857432393
EMERALD,Graves,0,10,6,13,0.719,279,7.1,18042,31105,0.193,38091,56,21,2,5,3,1,1,6,2,1,0,Fleet Footwork,39,EUW1_7857432393
GOLD,Malphite,0,12,3,8,0.588,282,8.2,18131,36467,0.211,34756,23,1,6,0,3,1,0,6,2,0,3,Press the Attack,34,EUW1_7858370250
GOLD,Karthus,1,13,6,13,0.667,272,7.9,16831,39725,0.204,33299,33,15,0,0,2,0,1,10,2,0,0,Dark Harvest,34,EUW1_7858370250
PLATINUM,Nocturne,1,10,5,15,0.532,211,6.0,17313,30426,0.185,46056,30,4,6,2,4,1,1,7,3,0,1,Hail of Blades,35,EUW1_7864863959
PLATINUM,Fizz,0,6,9,9,0.405,217,6.1,14905,20761,0.13,40288,34,12,2,0,1,0,0,9,1,0,1,Press the Attack,35,EUW1_7864863959
DIAMOND,Talon,0,6,5,4,0.435,236,7.9,13625,15176,0.157,26872,26,7,8,1,1,0,1,4,1,0,0,Fleet Footwork,29,EUW1_7865755725
EMERALD,Brand,1,7,2,13,0.513,220,7.4,12935,24752,0.213,18030,34,4,6,0,3,1,0,10,2,1,0,Deathfire Touch,29,EUW1_7865755725
PLATINUM,Udyr,1,23,3,12,0.7,209,6.8,18325,35391,0.272,36973,26,7,4,0,4,1,0,7,3,1,0,Conqueror,30,EUW1_7867139648
GOLD,Teemo,0,4,10,6,0.345,198,6.5,11006,25492,0.211,26397,39,8,7,6,0,1,1,4,0,1,0,Press the Attack,30,EUW1_7867139648
PLATINUM,Nunu & Willump,0,11,5,10,0.84,133,4.7,12110,26256,0.281,31477,20,1,4,1,0,0,0,2,0,0,0,Dark Harvest,28,EUW1_7888102810
PLATINUM,Darius,1,4,4,6,0.313,233,8.3,11790,12455,0.109,29844,34,12,0,2,4,1,1,5,2,1,0,Stormraider's Surge,28,EUW1_7888102810
SILVER,Rammus,0,5,11,8,0.371,121,4.2,10070,11262,0.108,33208,16,8,1,0,0,0,0,1,0,0,0,Aftershock,28,EUW1_7888976153
SILVER,Master Yi,1,12,5,12,0.381,196,6.8,15286,20828,0.147,22985,11,1,0,1,4,0,1,12,4,0,5,Lethal Tempo,28,EUW1_7888976153
EMERALD,Shen,1,2,1,19,0.512,165,5.9,10557,13713,0.115,28627,28,12,1,0,2,0,1,7,1,0,0,Grasp of the Undying,27,EUW1_7858162269
PLATINUM,Twitch,0,8,7,11,0.731,198,5.2,15878,30433,0.225,32630,46,15,4,4,1,0,0,3,1,0,1,Press the Attack,37,EUW1_7859613877
PLATINUM,Talon,1,7,2,8,0.441,275,7.3,17459,25753,0.155,44186,40,3,8,0,4,2,1,10,2,2,2,Fleet Footwork,37,EUW1_7859613877
EMERALD,Lee Sin,0,2,9,8,0.714,133,4.3,9585,13148,0.135,38994,28,20,2,9,3,0,0,2,3,0,0,Conqueror,31,EUW1_7869182514
EMERALD,Briar,1,14,4,6,0.556,223,7.1,14676,33548,0.291,30099,43,7,8,3,1,2,0,9,1,2,0,Press the Attack,31,EUW1_7869182514
SILVER,Teemo,1,2,1,1,0.15,101,6.1,5812,4828,0.111,6734,17,5,3,2,1,0,1,3,1,0,0,Deathfire Touch,16,EUW1_7867959194
GOLD,Warwick,0,4,2,4,0.286,166,6.8,9855,9168,0.14,20928,16,1,2,1,2,1,1,5,2,0,1,Press the Attack,24,EUW1_7871617598
GOLD,Brand,1,4,5,5,0.429,158,6.4,10056,14071,0.178,18916,16,0,4,0,1,0,0,6,1,0,1,Deathfire Touch,24,EUW1_7871617598
PLATINUM,Lee Sin,1,13,5,9,0.393,232,7.6,15417,20792,0.146,35612,26,12,1,0,4,1,1,11,2,1,0,Conqueror,30,EUW1_7873574310
GOLD,Twitch,0,1,12,8,0.29,143,4.7,9992,14398,0.105,33729,23,7,3,2,0,0,0,3,0,0,0,Lethal Tempo,30,EUW1_7873574310
DIAMOND,Diana,0,4,10,8,0.545,243,7.2,14597,20841,0.194,39199,28,8,3,1,0,0,1,4,0,0,2,Conqueror,33,EUW1_7873871191
PLATINUM,Fiddlesticks,1,6,2,19,0.543,233,6.9,14613,25021,0.152,33711,66,0,5,0,5,1,0,9,5,1,1,Electrocute,33,EUW1_7873871191
EMERALD,Shyvana,1,10,3,16,0.565,271,9.0,17317,39035,0.256,34567,31,4,3,2,4,2,1,10,3,0,3,Conqueror,30,EUW1_7874245854
PLATINUM,Hecarim,0,1,14,9,0.476,94,3.1,8216,6479,0.059,38864,21,2,4,2,0,0,0,4,0,0,0,Stormraider's Surge,30,EUW1_7874245854
PLATINUM,Lee Sin,1,9,3,8,0.459,234,7.3,15108,20899,0.148,38464,30,12,3,4,5,1,1,8,5,1,4,Conqueror,32,EUW1_7878075364
PLATINUM,Nocturne,0,8,7,5,0.52,188,5.8,12782,19182,0.162,43525,21,5,3,0,0,0,0,2,0,0,0,Hail of Blades,32,EUW1_7878075364
PLATINUM,Nocturne,1,10,5,3,0.25,232,7.9,14499,22697,0.166,27651,17,6,1,0,4,1,1,8,4,1,1,Hail of Blades,29,EUW1_7885363176
GOLD,Lillia,0,2,8,10,0.387,193,6.5,11502,18717,0.183,42942,17,6,1,0,1,0,0,4,1,0,0,Conqueror,29,EUW1_7885363176
GOLD,Ekko,0,6,8,6,0.308,298,7.1,16825,21199,0.134,48391,20,2,5,1,3,2,1,6,3,1,0,Dark Harvest,42,EUW1_7886045326
GOLD,Ambessa,1,4,10,12,0.372,291,6.9,17373,19262,0.117,45081,48,8,3,7,4,1,0,11,1,1,0,Conqueror,42,EUW1_7886045326
DIAMOND,Talon,1,10,10,17,0.73,247,7.1,16432,31530,0.207,44931,23,2,2,0,2,1,1,9,1,0,2,Fleet Footwork,34,EUW1_7889439681
DIAMOND,Sejuani,0,2,11,20,0.667,173,5.0,11587,20830,0.155,61717,11,3,0,1,3,1,0,5,2,1,0,Aftershock,34,EUW1_7889439681
GOLD,Brand,1,8,7,15,0.5,262,7.2,17213,43737,0.198,32411,36,4,5,2,4,1,1,9,3,1,0,Deathfire Touch,36,EUW1_7865821899
GOLD,Rek'Sai,0,4,11,12,0.421,194,5.3,12947,20864,0.13,58245,20,8,3,0,1,0,0,7,1,0,0,Conqueror,36,EUW1_7865821899
PLATINUM,Naafiri,1,13,5,13,0.605,284,7.7,19396,30912,0.193,39828,29,9,3,0,3,2,1,10,3,1,1,Conqueror,36,EUW1_7866290906
GOLD,Viego,0,8,7,7,0.341,233,6.3,15004,18165,0.133,42175,39,9,3,3,2,0,0,5,2,0,0,Conqueror,36,EUW1_7866290906
GOLD,Graves,0,5,3,3,0.471,282,9.5,14025,14929,0.172,20306,28,0,7,0,1,0,0,3,1,0,0,Dark Harvest,29,EUW1_7867905864
PLATINUM,Fiddlesticks,1,3,3,5,0.32,168,5.7,10429,8116,0.081,25911,68,3,3,3,4,1,1,9,4,0,2,Electrocute,29,EUW1_7867905864
GOLD,Jax,1,12,5,14,0.553,302,6.5,21292,39284,0.205,47052,45,9,3,3,4,2,0,13,4,0,2,Lethal Tempo,46,EUW1_7879322450
GOLD,Evelynn,0,15,7,10,0.431,184,4.0,18441,36978,0.207,30408,39,13,4,2,2,0,1,5,2,0,0,Dark Harvest,46,EUW1_7879322450
SILVER,Viego,0,0,6,2,0.125,120,5.5,6750,2563,0.042,19272,24,4,4,4,1,0,0,0,1,0,0,Conqueror,22,EUW1_7887393811
SILVER,Briar,1,10,3,4,0.452,157,7.1,11658,14763,0.197,21830,20,8,0,0,2,0,1,7,1,0,1,Hail of Blades,22,EUW1_7887393811
DIAMOND,Rengar,0,10,16,16,0.456,249,6.1,16282,39306,0.205,59732,49,14,7,0,4,0,0,9,3,0,1,Conqueror,40,EUW1_7859597088
DIAMOND,Kha'Zix,1,8,14,15,0.397,208,5.1,16369,30820,0.138,53452,31,3,8,0,2,2,1,9,1,1,0,Dark Harvest,40,EUW1_7859597088
PLATINUM,Nasus,0,5,7,3,0.421,148,6.0,9329,17147,0.210,36134,17,7,1,0,1,0,0,2,1,0,0,Fleet Footwork,24,EUW1_7867659846
PLATINUM,Zaahen,1,6,3,5,0.324,180,7.3,11593,9784,0.091,23693,12,2,2,0,3,1,1,10,3,1,2,Conqueror,24,EUW1_7867659846
GOLD,Viego,0,4,4,1,0.455,152,5.5,10232,7925,0.123,23747,28,9,4,8,0,0,1,3,0,0,1,Conqueror,27,EUW1_7869685675
GOLD,Darius,1,4,3,7,0.393,191,6.9,10961,12618,0.125,29525,28,6,4,1,4,1,0,5,3,1,0,Conqueror,27,EUW1_7869685675
IRON,Kayn,0,2,5,2,0.364,132,6.0,8049,4731,0.129,20824,14,3,3,1,0,0,1,2,0,0,0,Conqueror,22,EUW1_7896542865
IRON,Jax,1,2,4,5,0.259,110,5.0,7579,8605,0.127,13323,13,6,0,0,2,1,0,4,2,1,0,Lethal Tempo,22,EUW1_7896542865
BRONZE,Wukong,0,18,7,8,0.553,218,5.74,18283,37475,0.239,57131,36,8,4,1,2,0,0,7,1,0,0,Conqueror,38,EUW1_7895576167
BRONZE,Wukong,1,12,5,9,0.389,209,6.15,16013,22057,0.156,44900,34,17,0,0,4,0,1,12,1,0,1,Electrocute,34,EUW1_7895446948
IRON,Darius,0,5,7,4,0.474,168,5.6,11137,8359,0.118,33596,21,2,4,1,0,0,1,4,0,0,0,Stormraider's Surge,30,EUW1_7895365181
BRONZE,Nocturne,1,8,5,8,0.41,211,7.03,13698,19259,0.164,35465,24,7,2,0,5,1,0,9,4,1,1,Lethal Tempo,30,EUW1_7895365181
IRON,Nasus,0,8,6,3,0.239,202,6.31,13010,18295,0.12,52719,20,12,0,0,4,0,1,8,3,0,2,Fleet Footwork,32,EUW1_7894599077
IRON,Darius,1,7,9,7,0.424,143,4.47,11264,14895,0.128,44982,12,5,0,1,0,0,0,7,0,0,0,Stormraider's Surge,32,EUW1_7894599077
IRON,Hecarim,0,3,11,6,0.429,159,4.82,10949,12094,0.133,45996,20,9,2,0,0,0,0,2,0,0,0,Stormraider's Surge,33,EUW1_7894534061
IRON,Darius,1,11,1,9,0.408,227,6.88,15214,20079,0.13,27248,25,2,5,1,3,1,0,10,2,1,1,Stormraider's Surge,33,EUW1_7894534061
IRON,Master Yi,0,4,8,4,0.421,137,5.96,8202,6685,0.127,19197,13,4,1,0,1,0,1,2,1,0,0,Hail of Blades,23,EUW1_7894257131
BRONZE,Rammus,1,5,4,17,0.759,145,6.3,10571,14244,0.225,22427,11,6,1,0,1,1,0,5,1,1,0,Aftershock,23,EUW1_7894257131
IRON,Rammus,1,8,11,16,0.49,124,3.76,12871,17435,0.119,35677,10,3,0,0,3,0,0,11,2,0,1,Aftershock,33,EUW1_7894240134
IRON,Master Yi,0,13,14,5,0.514,206,6.24,15053,29456,0.229,39862,16,1,4,0,1,0,1,3,1,0,1,Hail of Blades,33,EUW1_7894240134
IRON,Kayn,0,2,9,6,0.471,140,5.83,8238,8416,0.137,25065,9,2,1,0,0,0,0,0,0,0,0,Conqueror,24,EUW1_7894231227
BRONZE,Shyvana,1,7,5,6,0.295,172,7.17,11225,13545,0.129,24878,23,9,0,0,3,1,1,6,3,1,1,Conqueror,24,EUW1_7894231227
IRON,Kayn,0,5,4,4,0.375,103,4.12,8124,9267,0.125,15621,5,1,0,0,2,0,0,2,2,0,0,Conqueror,25,EUW1_7893447089
IRON,Master Yi,1,8,7,5,0.481,166,6.64,11978,15928,0.199,19823,12,5,0,1,1,0,1,10,1,0,2,Hail of Blades,25,EUW1_7893447089
IRON,Kayn,0,6,6,1,0.5,135,5.87,9685,15214,0.215,24762,8,3,0,1,0,0,0,1,0,0,0,Conqueror,23,EUW1_7893406472
IRON,Viego,1,3,3,5,0.211,149,6.48,8474,6784,0.076,19007,10,3,0,0,2,0,1,9,1,0,0,Conqueror,23,EUW1_7893406472
BRONZE,Ekko,0,1,12,12,0.481,184,4.49,11875,15229,0.112,45676,34,14,1,0,2,0,0,3,2,0,0,Dark Harvest,41,EUW1_7893255769
IRON,Kayn,1,10,10,10,0.37,218,5.32,15583,29477,0.16,57195,16,3,3,1,4,1,1,15,3,0,0,Conqueror,41,EUW1_7893255769
IRON,Kayn,1,13,7,15,0.444,232,6.44,16619,26998,0.165,47506,27,5,4,1,2,0,1,10,2,0,1,Conqueror,36,EUW1_7893187337
BRONZE,Malphite,0,6,8,18,0.511,178,4.94,14264,22926,0.125,33014,26,15,0,0,2,2,0,5,1,1,2,Dark Harvest,36,EUW1_7893187337
IRON,Kindred,0,1,4,1,0.25,82,4.82,5523,4188,0.144,12488,13,5,0,0,0,0,0,0,0,0,0,Press the Attack,17,EUW1_7893176107
IRON,Kayn,1,1,1,5,0.261,103,6.06,5975,4257,0.102,13981,10,2,1,1,1,0,1,2,1,0,0,Conqueror,17,EUW1_7893176107
IRON,Ekko,0,12,7,5,0.531,184,5.11,16235,37123,0.227,48585,38,3,13,0,1,1,0,5,1,0,0,Dark Harvest,36,EUW1_7892426967
IRON,Kayn,1,7,7,10,0.486,237,6.58,15192,30752,0.199,41000,12,1,2,1,4,0,1,11,4,0,2,Conqueror,36,EUW1_7892426967
BRONZE,Master Yi,1,2,1,1,0.176,144,9.0,6850,2859,0.084,10086,13,4,0,0,1,0,1,1,0.176,0.0,0.0,Lethal Tempo,900,EUW1_7896699136
IRON,Aatrox,0,0,1,1,0.071,65,4.1,3957,1135,0.038,6449,5,2,0,2,1,0,0,0,1.0,0.0,0.0,Conqueror,900,EUW1_7896699136
IRON,Ekko,0,2,7,1,0.375,96,4.0,6889,8878,0.223,23961,9,2,1,0,0,0,0,0,0.0,0.0,0.0,Dark Harvest,1380,EUW1_7896602580
IRON,Aatrox,1,5,1,4,0.300,153,6.4,9793,8325,0.094,21413,31,5,2,4,3,0,1,11,1.0,0.0,0.273,Conqueror,1380,EUW1_7896602580
IRON,Aatrox,0,0,1,0,0.000,41,3.4,2846,0,0.000,4354,7,3,1,2,0,0,0,0,0.0,0.0,0.0,Conqueror,720,EUW1_7895982936
IRON,Skarner,1,2,0,4,0.545,85,7.0,4721,3713,0.169,7037,15,4,2,0,1,0,0,0,1.0,0.0,0.0,Grasp of the Undying,720,EUW1_7895982936
IRON,Talon,0,1,6,2,0.750,53,3.4,4385,4379,0.185,12293,6,3,0,0,1,0,0,0,1.0,0.0,0.0,Fleet Footwork,900,EUW1_7895955901
IRON,Aatrox,1,1,0,2,0.120,121,7.8,5923,3005,0.076,8413,15,4,1,3,1,0,1,2,1.0,0.0,0.0,Conqueror,900,EUW1_7895955901
IRON,Aatrox,0,1,3,5,0.353,112,4.7,7740,4851,0.089,14908,24,9,3,7,1,0,0,2,1.0,0.0,0.0,Conqueror,1380,EUW1_7884755035
IRON,Viego,1,4,3,5,0.265,165,6.9,10953,6880,0.086,20069,21,9,0,0,2,1,1,11,1.0,1.0,0.182,Conqueror,1380,EUW1_7884755035
IRON,Master Yi,0,9,8,4,0.500,171,4.9,14869,20658,0.174,28387,25,9,3,0,2,0,0,5,1.0,0.0,0.200,Lethal Tempo,2040,EUW1_7884643257
IRON,Aatrox,1,10,4,6,0.372,181,5.2,13859,20303,0.153,34455,40,9,5,9,3,1,1,8,0.667,1.0,0.250,Conqueror,2040,EUW1_7884643257
IRON,Naafiri,1,4,6,4,0.216,209,7.1,11043,17569,0.142,29377,20,8,0,0,1,0,0,6,1.0,0.0,0.0,Conqueror,1740,EUW1_7884530135
IRON,Aatrox,0,6,3,7,0.448,171,5.8,11419,20800,0.190,30697,11,2,0,2,3,0,1,4,0.333,0.0,0.0,Conqueror,1740,EUW1_7884530135
BRONZE,Shaco,1,22,6,13,0.686,284,6.0,24380,61543,0.301,35220,72,21,15,0,5,1,1,9,1.0,0.0,0.111,Hail of Blades,2820,EUW1_7884196741
IRON,Aatrox,0,9,10,3,0.267,277,5.8,18167,17247,0.106,54031,55,16,7,16,2,1,0,7,1.0,0.0,0.0,Conqueror,2820,EUW1_7884196741
IRON,Rengar,0,13,17,4,0.405,166,3.7,20076,36899,0.180,60676,26,7,4,0,2,0,0,6,1.0,0.0,0.0,First Strike,2700,EUW1_7884052968
IRON,Aatrox,1,8,3,12,0.313,272,6.0,18105,28652,0.130,52074,78,16,10,15,5,1,1,9,0.800,1.0,0.333,Conqueror,2700,EUW1_7884052968
IRON,Aatrox,1,10,5,11,0.447,173,5.6,15335,20567,0.127,31936,47,12,3,11,2,1,1,10,1.0,0.0,0.100,First Strike,1860,EUW1_7883987161
BRONZE,Warwick,0,10,11,8,0.514,139,4.5,12297,19044,0.191,40262,41,16,0,0,2,0,0,4,1.0,0.0,0.0,Press the Attack,1860,EUW1_7883987161
IRON,Viego,1,4,2,6,0.294,158,7.1,9641,7461,0.087,16421,36,6,1,9,3,0,1,11,1.0,0.0,0.091,First Strike,1320,EUW1_7883919324
BRONZE,Briar,0,0,7,7,0.700,115,5.2,7120,9950,0.224,20720,10,5,0,0,0,0,0,1,0.0,0.0,0.0,Press the Attack,1320,EUW1_7883919324
IRON,Aatrox,0,3,3,9,0.429,152,5.5,9753,8903,0.082,22320,23,6,3,7,0,1,0,4,0.0,0.0,0.0,Conqueror,1620,EUW1_7883879956
BRONZE,Volibear,1,2,8,3,0.139,134,4.8,8458,8868,0.085,29322,22,7,3,1,3,0,1,9,1.0,0.0,0.111,Press the Attack,1620,EUW1_7883879956
BRONZE,Amumu,1,3,3,8,0.423,167,6.5,10089,12486,0.155,17922,22,2,2,2,4,0,1,6,1.0,0.0,0.0,Conqueror,1500,EUW1_7883708124
IRON,Aatrox,0,4,4,4,0.571,140,5.4,9107,9990,0.140,27849,11,2,2,2,0,0,0,2,0.0,0.0,0.0,Conqueror,1500,EUW1_7883708124
SILVER,Warwick,1,11,5,11,0.647,243,7.5,17984,34763,0.285,40652,31,11,2,0,3,1,1,10,0.667,1.0,0.300,Press the Attack,1920,EUW1_7883676817
IRON,Sylas,0,5,7,11,0.640,196,6.1,13283,21076,0.230,37165,32,2,3,3,2,0,0,4,1.0,0.0,0.0,First Strike,1920,EUW1_7883676817
BRONZE,Shyvana,0,6,9,8,0.400,225,5.9,14441,25581,0.215,34368,30,11,0,0,2,0,0,6,1.0,0.0,0.167,Conqueror,2280,EUW1_7883625493
IRON,Viego,1,14,3,11,0.610,253,6.6,21277,27359,0.182,35759,54,10,3,25,4,2,1,11,0.750,1.0,0.091,First Strike,2280,EUW1_7883625493
IRON,Wukong,1,3,0,2,0.357,102,5.4,6498,3785,0.106,9713,19,6,0,0,0,0,1,3,0.0,0.0,0.0,Conqueror,1080,EUW1_7883581095
IRON,Viego,0,0,0,1,0.100,37,2.0,3776,438,0.014,2452,3,1,0,2,0,0,0,2,0.0,0.0,0.0,Conqueror,1080,EUW1_7883581095
IRON,Jax,0,1,7,4,0.625,110,4.6,7282,9131,0.163,22950,24,8,1,0,0,0,0,2,0.0,0.0,0.0,Lethal Tempo,1380,EUW1_7883564580
IRON,Graves,1,1,2,8,0.237,162,6.8,8925,8212,0.089,15919,21,7,1,7,4,0,1,8,1.0,0.0,0.0,Dark Harvest,1380,EUW1_7883564580
BRONZE,Jarvan IV,1,3,5,5,0.205,322,7.7,16839,10630,0.076,37852,28,3,1,3,1,0,0,11,1,0,2,Conqueror,41,EUW1_7870033726
BRONZE,Jarvan IV,1,13,7,22,0.493,310,5.7,23746,38993,0.132,64910,50,6,9,4,5,1,0,10,4,0,0,Conqueror,54,EUW1_7869463292
BRONZE,Ambessa,1,17,3,14,0.574,203,6.6,18551,37137,0.227,31440,22,3,2,2,4,1,1,10,4,1,6,Conqueror,30,EUW1_7863138920
BRONZE,Ambessa,1,5,1,8,0.394,164,6.8,11052,11912,0.125,18539,15,2,2,1,3,1,1,11,3,1,1,Conqueror,24,EUW1_7863106200
BRONZE,Ambessa,1,12,5,10,0.512,194,6.1,14278,22830,0.201,23967,24,7,2,5,3,1,1,6,3,0,1,Conqueror,31,EUW1_7862666284
BRONZE,Ambessa,1,11,6,3,0.350,245,6.8,16859,23734,0.144,35279,27,3,7,2,2,1,0,9,1,1,2,Conqueror,36,EUW1_7856581274
BRONZE,Ambessa,0,5,10,4,0.273,224,5.5,14297,21469,0.138,42267,32,6,6,4,2,0,0,6,2,0,0,Conqueror,40,EUW1_7856543499
BRONZE,Ambessa,0,3,7,3,0.500,156,5.3,10343,10830,0.172,26665,21,6,1,5,0,0,0,1,0,0,0,Conqueror,29,EUW1_7856287158
BRONZE,Ambessa,1,3,3,6,0.600,146,6.5,9009,9732,0.167,14713,17,4,2,2,1,0,1,4,1,0,1,Conqueror,22,EUW1_7856233360
BRONZE,Jarvan IV,0,0,5,7,0.700,139,5.8,7981,8112,0.130,18313,16,4,2,3,0,0,0,2,0,0,0,Conqueror,24,EUW1_7854455355
BRONZE,Jarvan IV,0,8,13,17,0.581,202,5.3,16766,22865,0.132,40675,41,5,6,3,5,0,1,5,3,0,0,Conqueror,38,EUW1_7854409864
BRONZE,Jarvan IV,0,9,6,7,0.421,203,6.3,13166,18021,0.155,23807,30,4,5,4,4,0,1,3,4,0,1,Conqueror,32,EUW1_7854279875
BRONZE,Jarvan IV,1,5,5,16,0.429,238,6.3,17086,21277,0.116,31949,32,5,3,4,2,0,1,9,2,0,3,Conqueror,37,EUW1_7854232664
BRONZE,Jarvan IV,1,12,4,12,0.545,186,6.2,14399,18465,0.172,22942,38,4,4,3,4,1,1,10,3,1,4,Conqueror,30,EUW1_7853556215
BRONZE,Jarvan IV,0,5,10,6,0.344,208,6.6,12699,16253,0.157,29116,25,4,1,3,2,0,0,3,2,0,0,Conqueror,31,EUW1_7853505936
BRONZE,Jarvan IV,0,7,7,15,0.688,200,5.9,14375,24549,0.180,27793,25,4,3,5,4,1,1,6,4,1,1,Conqueror,34,EUW1_7852989484
BRONZE,Jarvan IV,0,3,9,12,0.441,210,5.7,13699,15633,0.102,30694,37,6,3,5,1,1,1,4,1,0,1,Conqueror,36,EUW1_7851575486
BRONZE,Jarvan IV,0,7,7,8,0.577,186,6.0,12158,13655,0.133,25484,27,5,5,5,1,0,0,0,1,0,0,Conqueror,31,EUW1_7848311003
BRONZE,Jarvan IV,1,10,2,18,0.571,219,6.0,17241,21227,0.141,32336,37,11,5,5,4,2,1,10,4,2,3,Conqueror,36,EUW1_7848249191
BRONZE,Jarvan IV,0,10,7,12,0.710,188,5.8,12799,18807,0.169,30169,44,6,6,5,3,0,1,4,2,0,1,Conqueror,32,EUW1_7848194245
BRONZE,Viego,0,12,5,4,0.552,157,6.2,12748,16904,0.228,23627,23,5,0,3,1,0,1,4,1,0,3,Conqueror,25,EUW1_7891625787
BRONZE,Amumu,1,7,8,15,0.537,161,4.7,13200,21312,0.157,30007,22,8,2,1,3,1,0,10,3,1,1,Conqueror,33,EUW1_7887266499
BRONZE,Dr. Mundo,1,4,3,6,0.333,127,5.5,9368,8756,0.105,30885,24,9,0,1,3,1,1,7,2,1,3,Fleet Footwork,22,EUW1_7885320076
BRONZE,Nocturne,0,6,12,10,0.533,146,4.8,11392,14593,0.141,43402,16,9,1,1,1,0,0,3,0,0,0,Conqueror,30,EUW1_7884894937
BRONZE,Pantheon,0,0,4,4,0.444,76,4.6,4864,5504,0.190,13147,10,6,0,0,0,0,1,0,0,0,0,Conqueror,16,EUW1_7884870021
BRONZE,Amumu,1,3,2,9,0.364,128,5.7,9272,7969,0.119,11975,20,8,1,0,2,1,1,6,2,1,0,Conqueror,22,EUW1_7883763565
BRONZE,Pantheon,1,8,9,14,0.393,192,5.4,15550,16153,0.098,48645,38,14,3,1,4,1,1,9,2,1,2,Conqueror,35,EUW1_7882853126
BRONZE,Diana,0,9,15,12,0.467,279,5.9,18519,32558,0.205,67475,50,20,2,0,4,0,1,10,3,0,1,Conqueror,47,EUW1_7897225956
BRONZE,Diana,0,11,9,14,0.439,163,4.9,16041,21353,0.150,36647,31,14,0,0,2,2,1,7,2,2,2,Conqueror,33,EUW1_7897115765
BRONZE,Diana,0,0,9,2,0.500,121,4.8,7386,8378,0.131,23146,24,7,3,0,1,0,0,2,1,0,0,Conqueror,25,EUW1_7896500605
BRONZE,Diana,0,1,9,6,0.318,147,5.4,8951,14054,0.140,25276,24,8,3,0,3,0,0,2,3,0,0,Conqueror,27,EUW1_7896480555
BRONZE,Diana,1,10,5,7,0.378,198,6.8,14048,23698,0.150,27410,28,10,0,0,4,2,1,11,4,2,2,Conqueror,29,EUW1_7896232702
BRONZE,Diana,1,7,5,3,0.256,282,8.4,15621,19528,0.146,26131,36,14,1,0,4,1,1,10,4,1,2,Conqueror,33,EUW1_7896146989
BRONZE,Jax,1,3,10,16,0.380,160,4.8,13283,20597,0.148,38417,31,14,2,0,3,1,1,11,2,1,1,Conqueror,33,EUW1_7895560737
BRONZE,Diana,0,8,8,7,0.600,216,6.9,14023,23635,0.242,29696,36,13,0,0,1,1,1,5,1,1,1,Conqueror,31,EUW1_7895527228
BRONZE,Diana,1,3,3,7,0.357,221,7.7,11893,12038,0.116,18770,31,11,2,0,4,1,1,8,4,1,2,Conqueror,28,EUW1_7895505783
BRONZE,Diana,0,4,7,4,0.615,199,7.3,11792,17075,0.210,24862,22,9,1,0,1,0,1,4,1,0,1,Conqueror,27,EUW1_7894771030
BRONZE,Diana,1,1,0,5,0.240,111,7.0,6204,4266,0.093,7403,11,5,0,1,2,0,1,1,2,0,0,Conqueror,15,EUW1_7894354344
BRONZE,Diana,1,1,3,3,0.308,111,6.4,6119,5633,0.147,10796,20,6,2,0,1,0,1,3,0,0,0,Conqueror,17,EUW1_7893714972
BRONZE,Diana,0,4,9,5,0.529,173,6.3,11010,14141,0.151,24229,24,10,1,0,2,0,1,2,2,0,0,Conqueror,27,EUW1_7893607853
BRONZE,Diana,0,8,9,4,0.600,197,6.7,12819,16055,0.185,31953,37,14,2,0,3,0,0,5,3,0,0,Electrocute,29,EUW1_7893564179
BRONZE,Diana,0,4,9,2,0.400,132,5.1,9394,14631,0.200,30133,21,10,0,0,0,0,0,0,0,0,0,Conqueror,26,EUW1_7893433174
BRONZE,Diana,1,6,5,9,0.375,202,6.9,14225,16821,0.164,26706,31,12,0,0,2,1,1,10,2,0,3,Conqueror,29,EUW1_7893390415
BRONZE,Jax,0,2,9,10,0.250,150,4.1,11392,7401,0.050,24066,26,9,2,0,1,0,1,5,1,0,0,Conqueror,36,EUW1_7892818210
BRONZE,Diana,0,3,9,3,0.200,160,5.5,10239,11465,0.101,28167,31,11,1,0,2,0,1,5,2,0,1,Conqueror,29,EUW1_7892574183
BRONZE,Diana,0,5,8,5,0.213,183,5.7,11930,16171,0.125,34781,27,8,0,0,3,0,1,5,2,0,1,Conqueror,32,EUW1_7892368148
BRONZE,Diana,1,11,6,7,0.474,200,6.4,16700,29059,0.194,30502,24,9,0,0,1,1,1,11,1,1,3,Conqueror,31,EUW1_7892317510
BRONZE,Diana,1,6,1,3,0.300,158,7.3,10080,7819,0.095,12313,18,7,0,0,3,0,1,7,3,0,0,Conqueror,21,EUW1_7892231428
BRONZE,Diana,0,4,15,16,0.313,261,5.4,18351,25014,0.094,60087,41,16,2,0,5,2,1,10,4,2,1,Conqueror,48,EUW1_7892179242
BRONZE,Volibear,1,5,2,4,0.391,110,6.6,6931,6318,0.119,10259,2,2,0,0,2,0,0,2,2,0,0,Grasp of the Undying,16,EUW1_7895528770
BRONZE,Volibear,1,6,2,6,0.414,158,7.5,9437,13977,0.186,15545,15,5,0,0,2,0,0,5,1,0,0,Lethal Tempo,20,EUW1_7895421529
BRONZE,Volibear,1,12,6,14,0.565,234,6.6,16846,30251,0.158,37430,21,4,4,0,2,1,0,9,1,1,2,Lethal Tempo,35,EUW1_7895467200
BRONZE,Darius,1,8,6,9,0.288,254,6.6,16440,20278,0.123,49230,1,1,0,0,5,1,0,13,4,1,0,Stormraider's Surge,38,EUW1_7894696842
BRONZE,Fiddlesticks,0,3,7,8,0.733,139,5.0,10183,15149,0.195,32587,4,0,0,0,0,0,1,1,0,0,0,First Strike,27,EUW1_7894649644
BRONZE,Fiddlesticks,1,3,1,1,0.148,178,8.0,9558,5891,0.079,13915,8,0,0,0,2,1,0,6,2,1,0,First Strike,22,EUW1_7894606611
BRONZE,Master Yi,0,14,15,9,0.460,238,5.7,20306,34547,0.180,56682,21,7,1,0,3,1,1,6,2,1,1,Lethal Tempo,41,EUW1_7894539364
BRONZE,Master Yi,1,5,2,4,0.321,104,5.8,7916,10132,0.181,11633,4,2,0,0,0,0,1,3,0,0,0,Hail of Blades,18,EUW1_7894521474
BRONZE,Rengar,0,2,9,4,0.286,193,6.2,10503,9067,0.103,29990,16,5,2,0,0,0,1,4,0,0,1,Electrocute,30,EUW1_7894460059
BRONZE,Master Yi,1,4,1,0,0.222,106,6.8,6557,3316,0.102,9600,7,3,0,0,1,0,0,6,1,0,0,Hail of Blades,15,EUW1_7894435078
BRONZE,Volibear,1,14,5,5,0.413,251,7.0,17764,36569,0.243,48498,16,6,0,0,4,2,1,10,4,2,2,Lethal Tempo,35,EUW1_7894318278
BRONZE,Master Yi,1,16,4,7,0.451,235,8.7,16251,28083,0.229,22307,18,6,1,0,3,0,0,11,2,0,2,Hail of Blades,27,EUW1_7893769051
BRONZE,Master Yi,0,6,13,10,0.348,162,4.5,12184,23024,0.170,47662,9,2,2,0,2,0,0,1,2,0,0,Lethal Tempo,35,EUW1_7893579893
BRONZE,Rengar,0,4,10,3,0.333,133,4.9,10333,11653,0.130,27185,14,5,1,0,1,0,0,2,1,0,0,First Strike,27,EUW1_7893541291
BRONZE,Master Yi,0,7,6,6,0.361,202,6.3,12362,21241,0.157,27179,13,5,0,0,2,1,1,6,2,1,0,Lethal Tempo,31,EUW1_7893417798
DIAMOND,Naafiri,0,4,5,8,0.667,212,7.8,12456,18508,0.215,23847,18,1,4,0,2,0,0,2,2,0,0,Conqueror,27,EUW1_7897179611
DIAMOND,Rengar,1,13,5,10,0.590,242,8.5,15607,27640,0.245,30277,35,3,5,1,2,0,0,8,2,0,1,Conqueror,28,EUW1_7897129424
DIAMOND,Rengar,0,12,4,4,0.552,249,7.9,16237,31484,0.350,33173,34,3,11,1,1,0,0,2,1,0,0,Conqueror,31,EUW1_7896461233
DIAMOND,Sylas,0,7,9,9,0.762,193,6.5,12772,19051,0.190,39510,22,2,5,0,0,0,0,3,0,0,0,Conqueror,29,EUW1_7895908636
DIAMOND,Rengar,0,2,5,0,0.125,135,5.9,7289,4843,0.080,16568,15,1,6,0,1,0,0,3,1,0,0,Conqueror,22,EUW1_7895456085
DIAMOND,Rengar,1,8,2,0,0.320,124,8.2,7956,8007,0.179,11881,10,4,0,1,2,0,0,1,2,0,0,Conqueror,15,EUW1_7895446035
DIAMOND,Rengar,1,2,0,1,0.273,70,7.5,3643,2841,0.154,5264,5,1,0,0,0,0,0,0,0,0,0,Conqueror,9,EUW1_7895439188
DIAMOND,Naafiri,1,6,5,7,0.361,214,7.6,12623,17409,0.169,26928,28,7,4,0,1,1,0,8,0,1,1,Conqueror,28,EUW1_7894389134
DIAMOND,Rengar,1,17,4,11,0.718,274,8.0,19357,47390,0.320,37969,25,2,4,1,3,1,0,9,3,1,1,Conqueror,34,EUW1_7894358697
DIAMOND,Rengar,1,7,1,1,0.400,174,8.5,9677,11722,0.213,13939,27,3,6,1,2,0,0,3,2,0,0,Conqueror,20,EUW1_7892184774
DIAMOND,Rengar,0,7,11,3,0.435,170,5.8,11171,18650,0.158,29301,27,2,6,1,0,0,0,3,0,0,0,Conqueror,29,EUW1_7891164838
DIAMOND,Talon,0,18,6,4,0.710,284,8.3,21927,45568,0.390,41297,26,2,4,0,1,1,0,5,1,1,2,Conqueror,34,EUW1_7890768318
DIAMOND,Rengar,0,8,2,1,0.600,216,9.0,11716,12303,0.224,18235,41,2,14,1,2,0,0,2,2,0,0,Conqueror,23,EUW1_7890534076
DIAMOND,Rengar,0,3,8,5,0.471,169,7.1,9937,14740,0.224,26001,25,3,4,1,1,0,0,1,1,0,0,Conqueror,23,EUW1_7890142892
DIAMOND,Lee Sin,1,9,6,13,0.489,192,6.2,16083,23348,0.166,43892,21,9,2,0,2,2,0,10,2,2,2,Conqueror,30,EUW1_7890125976
DIAMOND,Poppy,0,4,9,10,0.609,151,4.9,11181,26815,0.210,34190,36,14,4,1,1,0,0,3,1,0,0,Aftershock,30,EUW1_7897282761
DIAMOND,Poppy,0,8,7,16,0.571,193,4.9,14653,25628,0.134,46962,59,21,6,2,3,0,0,6,2,0,0,Aftershock,39,EUW1_7897235131
DIAMOND,Poppy,1,7,2,10,0.425,174,6.0,11891,18275,0.146,22243,38,14,3,1,4,1,1,9,2,1,1,Aftershock,29,EUW1_7896931691
DIAMOND,Poppy,0,1,10,6,0.778,145,5.2,8436,22571,0.270,28673,24,13,2,2,0,0,0,1,0,0,0,Aftershock,27,EUW1_7896851269
DIAMOND,Poppy,0,2,5,5,0.412,243,6.7,13133,10927,0.134,26334,44,17,6,1,2,0,1,8,2,0,1,Aftershock,36,EUW1_7896806933
DIAMOND,Poppy,0,10,13,14,0.522,131,4.2,12724,24612,0.226,42863,46,16,3,2,0,1,0,2,0,1,0,Aftershock,31,EUW1_7896765909
DIAMOND,Poppy,0,4,9,18,0.407,219,5.1,14630,23534,0.116,48723,71,22,5,2,2,1,1,9,1,1,0,Aftershock,42,EUW1_7896717749
DIAMOND,Poppy,1,12,5,13,0.595,159,5.3,14403,26048,0.240,31898,40,13,4,2,2,1,0,9,1,1,1,Aftershock,29,EUW1_7896494937
DIAMOND,Poppy,0,2,5,9,0.407,170,5.8,9871,15200,0.133,24772,39,13,4,2,3,0,1,4,3,0,0,Aftershock,29,EUW1_7896139517
DIAMOND,Poppy,1,6,2,8,0.333,190,7.1,11528,12321,0.105,19369,32,11,3,0,3,1,0,9,3,1,1,Aftershock,26,EUW1_7896090470
DIAMOND,Poppy,1,17,3,12,0.527,240,6.8,19324,33143,0.175,34916,44,17,1,1,5,0,0,10,4,0,1,Aftershock,35,EUW1_7895858769
DIAMOND,Poppy,0,11,10,12,0.575,180,5.2,13811,28427,0.184,38473,47,18,3,3,2,0,0,3,2,0,0,Aftershock,34,EUW1_7895814525
DIAMOND,Poppy,1,4,1,12,0.444,211,7.8,12148,17584,0.154,21209,37,13,4,2,4,1,0,10,4,1,1,Aftershock,27,EUW1_7895775470
DIAMOND,Poppy,0,3,10,5,0.571,116,4.4,8963,14195,0.211,33458,25,12,0,3,0,0,1,2,0,0,1,Aftershock,26,EUW1_7895738781
DIAMOND,Shaco,1,15,4,18,0.702,255,7.4,19303,29342,0.206,33698,39,2,10,0,3,1,1,10,3,0,2,Hail of Blades,34,EUW1_7895349381
DIAMOND,Talon,1,9,1,2,0.407,202,8.8,12192,10532,0.127,20027,15,2,1,0,3,1,1,7,3,1,1,Fleet Footwork,22,EUW1_7895348917
DIAMOND,Talon,1,14,1,3,0.586,255,8.9,16025,25087,0.234,31806,23,3,2,1,4,1,0,11,4,0,0,Fleet Footwork,28,EUW1_7895342795
DIAMOND,Sylas,0,7,11,9,0.593,116,4.3,10959,17287,0.189,37176,18,9,0,0,1,0,0,1,1,0,0,Conqueror,26,EUW1_7895335720
DIAMOND,Shaco,0,7,8,11,0.486,223,6.3,15507,22218,0.153,31507,37,1,10,0,2,1,0,5,2,1,0,Hail of Blades,35,EUW1_7891619443
DIAMOND,Talon,1,12,2,6,0.529,233,7.7,14886,29780,0.223,30190,41,13,3,0,4,1,0,11,4,1,1,Fleet Footwork,30,EUW1_7891580898
DIAMOND,Sylas,0,13,9,10,0.575,201,5.9,16719,33070,0.225,50170,20,2,0,0,0,1,0,7,0,1,1,Conqueror,34,EUW1_7891533687
DIAMOND,Shaco,1,0,0,2,0.333,61,7.3,3020,1439,0.104,3501,8,2,1,0,1,0,0,0,1,0,0,Hail of Blades,8,EUW1_7891518661
DIAMOND,Shaco,0,6,4,7,0.684,189,6.8,11748,20954,0.237,22412,19,1,4,0,2,0,0,3,2,0,0,Hail of Blades,27,EUW1_7891348128
DIAMOND,Shaco,1,11,2,10,0.636,225,8.2,14417,20976,0.199,19220,23,3,2,0,2,1,0,10,2,1,0,Hail of Blades,27,EUW1_7891316408
DIAMOND,Shaco,0,10,7,4,0.583,209,6.0,16004,28626,0.191,31289,37,2,9,1,1,0,0,3,1,0,0,Hail of Blades,34,EUW1_7891190106
DIAMOND,Shaco,1,10,4,6,0.516,242,6.9,16145,26685,0.251,33191,29,2,9,0,2,2,1,9,2,1,0,Hail of Blades,35,EUW1_7891167515
DIAMOND,Shaco,1,19,7,5,0.421,293,7.2,22929,39061,0.206,37650,30,2,10,0,3,1,0,10,3,1,1,Hail of Blades,40,EUW1_7890492590
DIAMOND,Shaco,0,7,6,8,0.714,147,5.8,11038,15235,0.243,21103,15,2,5,0,1,0,0,2,1,0,0,Hail of Blades,25,EUW1_7890452002
DIAMOND,Talon,1,9,11,16,0.439,230,6.3,16001,27835,0.140,46661,52,14,8,0,1,0,1,9,1,0,1,Fleet Footwork,36,EUW1_7888280561
DIAMOND,Talon,1,3,0,3,0.286,101,6.5,6261,3374,0.091,10854,9,3,0,0,1,0,0,2,1,0,0,Stormraider's Surge,15,EUW1_7888257641
DIAMOND,Talon,1,5,12,9,0.412,213,6.7,12985,21705,0.154,34480,28,3,5,1,2,1,0,8,1,0,0,Conqueror,31,EUW1_7888177358
DIAMOND,Talon,0,8,10,10,0.581,218,6.9,14114,28371,0.254,35466,40,11,7,0,2,1,1,8,2,1,0,Fleet Footwork,31,EUW1_7888150366
DIAMOND,Talon,0,10,10,8,0.474,293,6.7,18569,44496,0.195,58136,23,1,5,0,4,1,0,12,2,1,0,Fleet Footwork,43,EUW1_7887765532
EMERALD,Nocturne,0,4,5,11,0.750,144,6.0,9500,18819,0.281,20287,19,3,2,1,1,0,0,1,1,0,0,Hail of Blades,23,EUW1_7891848396
EMERALD,Nocturne,1,13,6,4,0.436,217,6.7,15834,31949,0.206,31474,18,5,3,0,3,1,1,8,3,1,0,Hail of Blades,32,EUW1_7891796882
EMERALD,Nocturne,1,8,7,6,0.519,157,5.6,10740,18315,0.191,24872,15,5,2,0,2,0,0,6,2,0,0,Hail of Blades,28,EUW1_7891743494
EMERALD,Nocturne,1,11,7,17,0.737,204,6.5,15216,35910,0.303,29171,11,7,1,0,2,1,0,8,0,0,0,Hail of Blades,31,EUW1_7891682442
EMERALD,Nocturne,1,9,8,5,0.378,211,6.6,13550,21755,0.169,28751,22,6,2,0,2,0,1,11,1,0,0,Hail of Blades,31,EUW1_7891591468
EMERALD,Nocturne,1,17,7,9,0.481,204,6.5,16826,31005,0.201,28902,14,9,0,0,3,1,1,9,3,1,1,Hail of Blades,31,EUW1_7891537040
EMERALD,Nocturne,1,25,3,4,0.630,243,6.8,20853,56874,0.312,34760,24,7,1,1,4,2,0,7,4,0,1,Hail of Blades,35,EUW1_7891441927
EMERALD,Wukong,1,2,0,10,0.522,189,7.3,10932,11344,0.144,17562,23,4,5,1,3,1,1,8,2,1,1,Conqueror,25,EUW1_7891405813
EMERALD,Nocturne,1,9,5,6,0.326,184,6.7,12055,23095,0.172,25937,16,5,2,0,3,1,0,10,2,1,0,Dark Harvest,27,EUW1_7891361182
EMERALD,Nocturne,1,14,5,7,0.438,213,7.0,15602,31718,0.250,27746,21,6,0,2,4,1,0,11,3,1,0,Hail of Blades,30,EUW1_7891491100
EMERALD,Nocturne,1,20,6,5,0.510,257,6.6,20126,34886,0.214,34830,20,12,0,0,2,0,0,6,2,0,1,Hail of Blades,39,EUW1_7891321063
EMERALD,Nocturne,1,5,3,7,0.308,181,6.1,10923,15521,0.134,24692,20,6,2,0,2,1,0,10,1,0,1,Hail of Blades,29,EUW1_7891284263
EMERALD,Nocturne,1,13,7,14,0.600,179,5.9,14580,33918,0.266,31138,16,11,1,3,1,1,0,9,1,1,0,Hail of Blades,30,EUW1_7891238784
EMERALD,Nocturne,0,6,5,14,0.526,180,5.8,12600,23738,0.208,29784,18,6,1,1,3,0,0,7,2,0,1,Hail of Blades,31,EUW1_7891216792
EMERALD,Nocturne,1,8,2,6,0.389,230,8.6,13970,19769,0.210,19787,22,4,4,0,4,1,1,9,3,1,1,Hail of Blades,26,EUW1_7891188296
EMERALD,Diana,0,4,7,4,0.667,127,5.9,8885,9214,0.231,16145,10,2,1,0,0,0,0,1,0,0,0,Electrocute,21,EUW1_7891176598
EMERALD,Nocturne,1,8,11,11,0.422,166,5.9,12162,20870,0.150,30268,10,4,0,0,1,1,0,7,1,0,0,Hail of Blades,28,EUW1_7891033435
EMERALD,Nocturne,1,11,4,1,0.293,192,6.8,13152,16420,0.159,22989,15,5,2,0,2,1,1,10,2,0,0,Hail of Blades,28,EUW1_7891030457
EMERALD,Nocturne,1,12,4,11,0.575,195,7.6,13101,23763,0.246,23364,13,4,0,1,2,0,0,6,1,0,2,Hail of Blades,25,EUW1_7891017479
EMERALD,Volibear,0,1,9,3,0.25,203,6.5,10720,11321,0.133,32879,34,0,10,0,1,0,1,6,1,0,0,Lethal Tempo,31,EUW1_7895496914
EMERALD,Sejuani,1,3,0,11,0.737,140,8.0,8475,9085,0.192,15447,14,1,3,1,0,0,0,3,0,0,0,Stormraider's Surge,17,EUW1_7895480839
EMERALD,Jarvan IV,1,14,5,6,0.476,172,7.4,12233,16912,0.211,16623,28,3,4,3,3,0,1,10,3,0,1,Conqueror,23,EUW1_7895459341
EMERALD,Xin Zhao,0,7,12,10,0.586,257,6.7,16100,35653,0.228,74238,28,0,7,0,1,0,0,5,1,0,0,Conqueror,38,EUW1_7891621973
EMERALD,Skarner,0,5,7,9,0.389,207,6.8,11665,19075,0.159,44261,44,3,12,3,2,0,0,2,2,0,0,Conqueror,30,EUW1_7891571441
EMERALD,Sejuani,1,14,0,17,0.674,203,7.6,15247,26890,0.245,46907,29,2,7,2,3,0,1,7,2,0,1,Stormraider's Surge,26,EUW1_7887457511
EMERALD,Fiddlesticks,1,14,6,23,0.587,264,7.3,19512,60676,0.277,51288,99,3,5,3,4,0,0,7,3,0,1,Dark Harvest,36,EUW1_7887397258
EMERALD,Jarvan IV,0,9,11,14,0.719,200,6.2,14400,22120,0.185,30053,40,6,5,6,1,0,0,4,1,0,0,Conqueror,32,EUW1_7887339769
EMERALD,Vi,1,8,2,8,0.432,238,8.2,14312,22116,0.191,29964,37,7,3,8,4,1,0,9,4,1,0,Conqueror,29,EUW1_7887290120
EMERALD,Shyvana,0,4,8,2,0.4,177,6.1,9729,12853,0.155,31654,25,2,6,2,2,0,0,4,2,0,0,Press the Attack,28,EUW1_7885190370
EMERALD,Fiddlesticks,1,15,5,10,0.5,211,6.5,16595,36854,0.248,40593,87,5,7,5,3,1,0,10,2,1,2,Dark Harvest,32,EUW1_7885127226
EMERALD,Naafiri,1,14,4,3,0.405,205,7.3,13616,28378,0.255,27013,19,2,1,2,4,0,0,11,3,0,0,Conqueror,27,EUW1_7885087675
EMERALD,Jarvan IV,1,15,4,9,0.75,263,8.1,17819,34999,0.247,26566,48,4,9,4,2,1,0,12,2,1,3,Conqueror,32,EUW1_7885033230
EMERALD,Xin Zhao,0,6,8,6,0.48,147,6.1,10079,12092,0.139,33399,16,3,1,4,1,0,0,1,1,0,0,Conqueror,23,EUW1_7883561810
EMERALD,Lillia,0,3,12,3,0.154,238,6.1,13582,19861,0.122,64271,30,1,9,1,5,0,1,8,4,0,0,Dark Harvest,39,EUW1_7881956587
EMERALD,Vi,0,3,5,1,0.667,115,7.4,6670,6002,0.218,12453,5,0,0,0,0,0,0,0,0,0,0,Hail of Blades,15,EUW1_7881913405
EMERALD,Trundle,0,6,10,16,0.647,307,7.4,17779,23700,0.145,68646,49,2,12,2,3,1,0,10,3,1,1,Lethal Tempo,41,EUW1_7881063930
EMERALD,Xin Zhao,1,13,6,22,0.686,242,7.5,17536,36218,0.214,60553,35,2,6,2,4,1,1,8,4,1,5,Conqueror,32,EUW1_7880997702
EMERALD,Nasus,0,3,5,14,0.586,143,5.3,10501,14635,0.14,44780,23,1,7,1,0,0,0,4,0,0,0,Fleet Footwork,26,EUW1_7880053898
EMERALD,Gragas,1,7,8,17,0.436,192,6.7,12785,20029,0.118,33154,19,2,2,2,4,1,0,11,4,1,1,Electrocute,28,EUW1_7879885812
EMERALD,Nocturne,1,2,1,1,0.6,57,7.5,3277,942,0.08,4835,5,0,1,0,1,0,0,0,1,0,0,Lethal Tempo,7,EUW1_7879866883
EMERALD,Quinn,1,9,7,12,0.488,218,7.9,13828,16705,0.169,28786,22,2,2,2,1,1,0,8,1,1,1,Electrocute,27,EUW1_7879711002
EMERALD,Naafiri,0,2,8,9,0.55,124,5.2,8868,13931,0.167,22941,21,5,3,0,0,0,0,1,0,0,0,Conqueror,24,EUW1_7879677631
EMERALD,Quinn,0,3,10,3,0.333,146,6.0,8603,10423,0.121,24100,12,0,2,0,0,0,0,0,0,0,0,Electrocute,24,EUW1_7873558594
EMERALD,Graves,0,8,8,2,0.5,194,7.2,12006,18171,0.213,24837,29,4,6,2,0,0,0,2,0,0,0,Fleet Footwork,26,EUW1_7875548645
EMERALD,Graves,1,15,4,7,0.524,336,9.9,19597,35086,0.245,28066,48,8,8,4,2,1,1,9,1,1,2,Fleet Footwork,34,EUW1_7875478210
EMERALD,Graves,0,6,11,4,0.4,179,6.7,11149,13323,0.178,26439,22,3,3,3,0,0,0,2,0,0,0,Fleet Footwork,26,EUW1_7867647680
EMERALD,Graves,0,6,4,3,0.9,102,5.5,7911,11556,0.274,13264,15,7,0,0,1,0,0,0,1,0,0,Fleet Footwork,18,EUW1_7867613263
EMERALD,Graves,0,7,11,0,0.412,168,6.6,11292,20597,0.293,27373,16,7,0,0,1,0,0,3,1,0,0,Fleet Footwork,25,EUW1_7867480897
EMERALD,Graves,0,6,9,4,0.385,235,6.9,14118,18374,0.175,29885,34,5,3,2,3,0,1,7,2,0,1,Dark Harvest,33,EUW1_7856628544
EMERALD,Graves,0,21,8,4,0.455,311,8.5,21958,56236,0.269,40686,45,16,4,0,3,1,0,10,3,1,0,Fleet Footwork,36,EUW1_7855756217
EMERALD,Graves,1,6,3,7,0.464,171,7.8,10950,13634,0.149,15889,23,9,2,1,2,1,1,10,2,0,4,Fleet Footwork,22,EUW1_7855723398
EMERALD,Jarvan IV,1,8,8,25,0.635,209,5.5,18046,34309,0.176,42374,42,13,1,1,3,1,0,10,2,1,2,Conqueror,37,EUW1_7855651287
EMERALD,Ambessa,0,0,4,1,0.083,103,5.6,5157,6273,0.151,13489,19,7,1,3,0,0,0,0,0,0,0,Conqueror,18,EUW1_7851234631
EMERALD,Graves,0,5,14,8,0.394,252,5.8,16077,27076,0.151,52429,60,12,9,9,2,1,1,5,1,1,0,Fleet Footwork,43,EUW1_7851169667
EMERALD,Kayn,0,26,12,7,0.559,331,7.3,25075,64395,0.265,70734,53,3,13,3,4,1,1,8,4,1,2,Dark Harvest,45,EUW1_7894449202
EMERALD,Kayn,1,11,6,7,0.514,226,7.1,15821,28817,0.217,47922,37,3,6,2,2,2,0,10,2,2,0,Conqueror,31,EUW1_7894378653
EMERALD,Kayn,1,8,4,10,0.4,337,8.8,18477,31432,0.157,52335,48,5,7,4,4,1,1,11,3,0,0,Conqueror,38,EUW1_7891794620
EMERALD,Kayn,1,1,1,2,0.097,201,9.4,9351,4348,0.06,16426,20,4,3,3,2,0,1,7,2,0,1,Dark Harvest,21,EUW1_7891732954
EMERALD,Kayn,0,6,4,4,0.526,221,8.5,12560,19165,0.265,26785,19,3,2,3,0,0,0,2,0,0,0,Conqueror,26,EUW1_7891683166
EMERALD,Kayn,0,4,10,5,0.321,188,6.4,11354,17377,0.180,40017,17,5,0,3,0,0,0,0,0,0,0,Conqueror,29,EUW1_7890851919
EMERALD,Kayn,1,13,3,8,0.553,299,8.5,18358,38750,0.250,37556,30,3,6,2,4,2,0,10,3,2,0,Conqueror,35,EUW1_7890557490
EMERALD,Kayn,0,3,10,5,0.4,209,6.2,12294,19019,0.144,42202,37,4,4,2,3,1,1,3,3,1,1,Dark Harvest,33,EUW1_7890514709
EMERALD,Kayn,0,7,10,2,0.643,146,6.0,11439,17362,0.314,29311,11,2,1,2,0,0,0,2,0,0,0,Dark Harvest,24,EUW1_7890471430
EMERALD,Kayn,1,7,1,4,0.306,188,9.5,10245,10014,0.129,15524,19,4,1,3,3,0,1,6,3,0,1,Dark Harvest,19,EUW1_7890446302
EMERALD,Jarvan IV,1,8,1,9,0.567,247,8.9,14148,15653,0.140,16473,28,6,3,5,4,0,1,4,4,0,0,Conqueror,27,EUW1_7890415742
EMERALD,Kayn,0,9,6,14,0.639,223,6.6,15102,37230,0.247,43782,20,2,2,2,0,1,0,7,0,1,0,Conqueror,33,EUW1_7890150171
EMERALD,Kayn,1,3,1,2,0.185,103,6.7,6081,5440,0.117,11149,16,5,2,3,2,0,0,5,2,0,0,Dark Harvest,15,EUW1_7890144911
EMERALD,Kayn,0,11,7,5,0.5,238,7.3,16583,25275,0.223,33902,44,5,8,4,2,0,1,5,2,0,0,Dark Harvest,32,EUW1_7890120989
EMERALD,Kayn,1,14,5,9,0.411,310,8.1,20522,42853,0.221,43939,36,4,4,2,5,2,1,10,5,1,1,Dark Harvest,38,EUW1_7889877937
EMERALD,Jarvan IV,0,3,7,9,0.6,166,5.8,10592,18616,0.163,36224,26,2,8,1,1,0,0,1,1,0,0,Conqueror,28,EUW1_7888831972
EMERALD,Kayn,1,5,5,14,0.576,274,7.5,16262,39471,0.177,64881,35,7,3,4,4,1,1,11,2,1,1,Conqueror,36,EUW1_7888584997
EMERALD,Jarvan IV,1,5,2,10,0.625,172,6.8,11803,11051,0.148,14524,20,6,1,3,2,1,1,9,2,1,3,Conqueror,25,EUW1_7888542206
EMERALD,Kayn,1,5,3,10,0.556,185,7.4,11538,15971,0.179,23217,26,3,3,3,0,1,1,10,0,0,2,Conqueror,24,EUW1_7888497201
EMERALD,Kayn,1,12,3,4,0.571,228,7.1,16366,29769,0.239,38847,32,3,8,2,3,0,1,7,3,0,0,Dark Harvest,32,EUW1_7888071929
EMERALD,Kayn,0,3,6,8,0.306,225,7.0,11832,18153,0.152,34912,40,5,11,4,0,0,0,2,0,0,0,Dark Harvest,32,EUW1_7888058499
GOLD,Lillia,0,7,11,13,0.408,140,4.3,12729,24352,0.183,55663,48,18,0,2,3,1,0,8,3,0,0,Dark Harvest,32,EUW1_7884925015
GOLD,Lillia,1,0,0,1,0.25,31,5.3,1930,1252,0.168,3186,5,3,0,1,0,0,0,0,0,0,0,Conqueror,5,EUW1_7884907227
GOLD,Lillia,1,8,3,8,0.432,266,7.4,16474,33509,0.234,46628,52,21,1,2,4,2,1,11,3,2,0,Dark Harvest,35,EUW1_7884863838
GOLD,Lillia,0,3,12,4,0.389,94,3.9,7762,15170,0.247,32684,19,8,0,2,1,0,1,3,1,0,1,Conqueror,23,EUW1_7883338886
GOLD,Rammus,0,7,10,9,0.471,129,4.0,11124,18686,0.149,46226,34,14,0,2,3,0,0,3,3,0,1,Aftershock,32,EUW1_7883311981
GOLD,Lillia,1,10,3,12,0.449,269,8.1,17089,22435,0.180,46647,49,18,1,1,4,2,1,11,3,1,1,Dark Harvest,33,EUW1_7881242806
GOLD,Master Yi,1,6,2,5,0.306,253,8.7,14656,14856,0.121,16792,29,13,1,0,3,2,1,11,1,2,2,Hail of Blades,29,EUW1_7870900380
GOLD,Hecarim,0,2,10,8,0.625,195,6.2,11412,13964,0.168,41797,39,13,1,1,0,0,1,2,0,0,0,Stormraider's Surge,31,EUW1_7870873083
GOLD,Viego,1,2,3,9,0.333,171,7.8,9272,7579,0.094,18878,18,10,0,1,3,1,1,9,1,1,2,Conqueror,22,EUW1_7865526696
GOLD,Malphite,1,14,7,13,0.75,231,6.0,19650,38133,0.317,40996,41,7,10,0,1,1,0,10,1,1,1,Press the Attack,38,EUW1_7891401525
GOLD,Malphite,1,7,2,11,0.818,148,7.5,10060,14480,0.211,13077,9,2,2,1,1,0,0,4,1,0,0,Press the Attack,19,EUW1_7891252184
GOLD,Malphite,1,20,8,11,0.674,295,7.0,22606,47881,0.189,56699,24,2,4,2,2,1,1,11,2,1,3,Press the Attack,42,EUW1_7889348238
GOLD,Malphite,1,12,4,26,0.792,170,5.5,15428,30991,0.197,26987,24,6,3,3,3,1,1,9,1,1,3,Press the Attack,30,EUW1_7889306216
GOLD,Malphite,1,7,1,5,0.387,216,7.8,14159,14501,0.146,22537,25,3,4,2,3,1,1,11,2,0,5,Press the Attack,27,EUW1_7889278049
GOLD,Malphite,0,7,6,6,0.52,194,6.4,12941,16867,0.185,25080,25,2,6,2,0,0,0,0,0,0,0,Press the Attack,30,EUW1_7889123302
GOLD,Malphite,1,14,2,10,0.615,291,7.8,19516,30327,0.223,21205,36,3,8,2,4,0,0,8,4,0,5,Press the Attack,37,EUW1_7885454413
GOLD,Malphite,0,4,12,10,0.467,179,5.5,11854,21720,0.186,35447,19,1,5,1,0,0,0,5,0,0,0,Press the Attack,32,EUW1_7885401368
GOLD,Malphite,0,6,6,5,0.44,170,5.4,12082,17159,0.14,33044,23,6,3,1,0,0,0,2,0,0,0,Press the Attack,31,EUW1_7884784524
GOLD,Malphite,1,6,2,10,0.485,224,7.2,13316,17360,0.167,27121,44,3,14,2,2,1,1,10,2,1,0,Press the Attack,31,EUW1_7882621416
GOLD,Malphite,0,10,7,14,0.686,213,6.1,15457,32118,0.215,39598,24,2,5,1,2,0,0,5,2,0,0,Press the Attack,34,EUW1_7881836524
GOLD,Malphite,1,8,2,4,0.343,212,8.5,12269,11093,0.12,18047,22,2,3,2,2,1,0,9,2,1,3,Press the Attack,24,EUW1_7881786304
GOLD,Lee Sin,0,4,6,0,0.211,175,6.1,10723,7036,0.096,34042,28,10,5,3,1,0,1,4,1,0,0,Conqueror,28,EUW1_7879331254
GOLD,Malphite,1,8,1,12,0.455,199,8.2,12222,17748,0.177,16498,16,4,2,1,3,1,1,7,3,1,2,Press the Attack,24,EUW1_7879306581
GOLD,Malphite,0,5,10,10,0.714,152,5.4,11632,17249,0.183,33597,30,2,8,2,0,0,0,2,0,0,0,Press the Attack,28,EUW1_7876181731
GOLD,Malphite,1,9,10,11,0.444,256,6.2,18632,32373,0.173,38888,43,5,9,1,4,0,0,8,4,0,0,Press the Attack,40,EUW1_7875588855
GOLD,Malphite,1,11,1,10,0.568,210,8.1,13961,19602,0.223,19586,28,10,1,1,4,1,0,11,4,1,3,Press the Attack,26,EUW1_7875199919
GOLD,Malphite,0,7,5,9,0.696,236,7.0,14292,19582,0.161,30404,47,7,10,3,2,0,0,2,2,0,0,Press the Attack,33,EUW1_7870616400
GOLD,Malphite,1,7,7,10,0.447,181,5.9,12558,26057,0.177,28284,15,10,0,2,3,1,1,8,2,0,1,Dark Harvest,30,EUW1_7897020632
GOLD,Lee Sin,1,9,13,9,0.3,202,5.1,14917,19402,0.102,53986,41,18,2,7,3,0,1,10,2,0,0,Conqueror,39,EUW1_7896914014
GOLD,Zac,1,3,2,10,0.406,122,5.2,9089,7720,0.111,19146,18,8,0,2,3,0,1,5,3,0,0,Conqueror,23,EUW1_7891468701
GOLD,Jax,0,9,11,4,0.5,145,5.3,11618,13362,0.168,33085,13,7,0,0,2,0,1,0,2,0,0,Lethal Tempo,27,EUW1_7890419530
GOLD,Zac,1,4,4,10,0.452,171,5.8,11289,14158,0.136,36401,27,12,1,0,2,0,0,8,2,0,0,Conqueror,29,EUW1_7888569233
GOLD,Teemo,0,5,10,10,0.417,181,5.4,13438,33112,0.22,31050,31,13,2,0,2,0,0,2,1,0,1,Dark Harvest,33,EUW1_7886136151
GOLD,Jax,1,7,7,3,0.27,231,6.9,15265,15758,0.098,36229,34,10,2,2,4,1,1,11,4,1,3,Dark Harvest,33,EUW1_7885985460
GOLD,Jax,1,3,3,6,0.321,155,6.2,9946,11342,0.105,27012,22,9,0,1,4,0,1,11,4,0,3,Dark Harvest,25,EUW1_7884925472
GOLD,Jax,1,8,5,5,0.342,186,6.6,12321,15691,0.126,24503,33,9,5,0,3,0,1,8,3,0,1,Lethal Tempo,28,EUW1_7884731379
GOLD,Hecarim,0,3,8,6,0.391,188,6.4,10962,9388,0.095,32969,28,8,1,0,1,0,0,2,1,0,0,Stormraider's Surge,29,EUW1_7896789151
GOLD,Xin Zhao,1,4,5,14,0.391,174,6.3,12160,17980,0.146,33917,24,8,1,0,4,1,0,10,4,1,1,Hail of Blades,27,EUW1_7895527004
GOLD,Warwick,1,8,16,12,0.357,266,5.6,19515,27483,0.114,78228,39,15,0,0,5,0,0,10,5,0,0,Lethal Tempo,47,EUW1_7895467179
GOLD,Vi,0,4,5,5,0.529,165,6.5,10415,10604,0.134,19360,15,7,1,0,0,0,0,1,0,0,0,Hail of Blades,25,EUW1_7895434480
GOLD,Warwick,1,14,5,9,0.535,175,6.7,13940,27647,0.219,34803,21,8,2,0,2,1,0,10,2,1,2,Lethal Tempo,26,EUW1_7895418872
GOLD,Rammus,1,2,1,8,0.313,122,6.6,7394,5384,0.084,12123,10,3,0,0,2,0,0,7,2,0,0,Aftershock,18,EUW1_7895387663
GOLD,Tryndamere,1,14,6,3,0.315,301,7.6,20071,39297,0.197,62833,39,14,2,0,4,1,0,15,3,1,5,Hail of Blades,39,EUW1_7894404863
GOLD,Tryndamere,1,13,9,7,0.400,238,6.0,18973,28369,0.169,52754,41,14,6,0,4,2,0,11,3,2,5,Hail of Blades,39,EUW1_7894362705
GOLD,Vi,0,4,5,5,0.474,168,6.0,10429,14649,0.218,28628,31,11,0,0,1,0,0,2,1,0,0,Hail of Blades,28,EUW1_7894257885
GOLD,Warwick,1,13,3,7,0.513,227,8.0,15516,26619,0.230,38112,25,9,1,0,4,1,0,9,4,1,2,Lethal Tempo,28,EUW1_7894226109
GOLD,Warwick,1,8,5,7,0.385,202,7.0,13747,14010,0.149,37172,29,10,1,0,4,1,1,8,4,1,4,Lethal Tempo,29,EUW1_7893174864
GOLD,Xin Zhao,1,8,1,6,0.424,148,6.8,10471,12705,0.168,18200,20,8,1,0,2,0,1,9,2,0,0,Hail of Blades,21,EUW1_7893151185
GOLD,Amumu,1,12,9,14,0.605,196,4.9,16749,34132,0.180,44707,34,14,3,0,2,1,1,11,1,1,1,Aftershock,39,EUW1_7892166624
GOLD,Hecarim,1,10,3,19,0.617,299,8.5,18259,45762,0.218,55849,37,5,3,3,3,1,0,7,3,1,1,Stormraider's Surge,35,EUW1_7897347568
GOLD,Wukong,0,3,3,11,0.737,181,7.6,10802,12047,0.179,18712,21,2,4,1,1,0,0,3,1,0,1,Conqueror,23,EUW1_7897334856
GOLD,Hecarim,0,6,5,6,0.6,173,5.9,11657,14222,0.174,28824,16,4,2,2,0,0,0,1,0,0,0,Stormraider's Surge,29,EUW1_7897303798
GOLD,Hecarim,0,0,6,4,0.25,183,6.4,8976,6319,0.101,30821,19,6,2,2,0,0,1,2,0,0,0,Stormraider's Surge,28,EUW1_7897285550
GOLD,Hecarim,1,16,0,4,0.625,196,9.2,13342,20524,0.284,21644,20,4,1,2,1,0,1,11,0,0,1,Stormraider's Surge,21,EUW1_7882224542
GOLD,Wukong,1,8,4,9,0.395,248,7.3,15079,20382,0.145,43185,34,6,4,4,4,2,1,10,3,1,1,Conqueror,33,EUW1_7882188083
GOLD,Graves,1,2,0,1,0.143,130,8.3,6113,2907,0.064,9403,9,4,0,0,2,0,0,4,2,0,0,Fleet Footwork,15,EUW1_7882169001
GOLD,Hecarim,0,10,9,4,0.583,205,7.1,13516,22580,0.251,37660,23,4,2,2,1,0,0,2,1,0,0,Stormraider's Surge,28,EUW1_7881973040
GOLD,Hecarim,0,3,4,1,0.444,118,7.3,6485,6566,0.208,15795,17,3,0,1,0,0,0,0,0,0,0,Stormraider's Surge,16,EUW1_7881935455
GOLD,Wukong,0,4,7,2,0.333,141,5.5,9281,6614,0.107,24804,28,7,3,3,0,0,1,4,0,0,0,Conqueror,25,EUW1_7881892266
GOLD,Hecarim,0,0,6,4,0.25,200,7.7,9461,8803,0.114,28677,11,3,0,1,0,0,0,2,0,0,1,Stormraider's Surge,25,EUW1_7881846181
GOLD,Wukong,0,8,4,3,0.733,201,7.8,12759,21327,0.293,26073,25,5,5,2,1,0,0,2,0,0,1,Conqueror,25,EUW1_7881810471
GOLD,Wukong,0,4,6,3,0.5,189,7.0,11028,8554,0.122,21866,24,5,6,2,0,0,0,1,0,0,0,Conqueror,26,EUW1_7881766462
GOLD,Wukong,1,12,8,16,0.7,188,6.0,14778,28002,0.186,49551,38,6,3,3,3,0,1,10,3,0,2,Conqueror,31,EUW1_7881711447
GOLD,Wukong,1,9,2,1,0.385,199,8.1,12438,10401,0.146,20394,42,6,5,4,3,1,1,9,2,1,2,Conqueror,24,EUW1_7881639779
GOLD,Hecarim,1,7,6,14,0.488,208,6.9,13405,20387,0.181,40278,38,4,9,3,4,1,0,8,4,1,1,Stormraider's Surge,30,EUW1_7881158611
GOLD,Wukong,1,6,7,23,0.58,258,6.5,17479,20543,0.123,45203,40,8,5,5,4,2,0,10,3,0,4,Conqueror,39,EUW1_7881107024
GOLD,Wukong,1,10,2,11,0.457,228,7.3,16191,26769,0.171,38819,40,7,3,3,4,2,1,11,2,2,1,Conqueror,31,EUW1_7880946134
GOLD,Lillia,1,13,1,17,0.625,210,8.0,14255,41200,0.292,48732,22,5,3,2,2,0,1,10,2,0,1,Conqueror,26,EUW1_7673506660
GOLD,Hecarim,1,6,2,9,0.625,163,7.7,9532,14091,0.235,28101,12,4,0,4,2,0,1,3,1,0,0,Stormraider's Surge,21,EUW1_7673461480
IRON,Kayn,1,7,3,7,0.538,204,6.1,13665,22042,0.192,42442,14,2,1,1,1,0,1,9,0,0,1,Conqueror,33,EUW1_7892306345
IRON,Viego,0,8,6,2,0.476,154,4.7,13019,9471,0.124,24642,41,8,5,15,1,0,1,2,1,0,0,First Strike,32,EUW1_7884562268
PLATINUM,Lee Sin,0,5,4,3,0.471,206,7.6,10840,9088,0.136,24177,20,10,4,4,2,0,1,3,2,0,0,Conqueror,27,EUW1_7867940924
PLATINUM,Lee Sin,0,3,5,4,0.35,213,7.1,11280,10360,0.139,27524,25,13,2,3,1,1,0,3,1,0,0,Conqueror,30,EUW1_7867883380
PLATINUM,Lee Sin,1,13,1,11,0.545,241,8.6,16559,25128,0.216,27941,38,17,0,4,3,1,0,10,3,1,2,Conqueror,27,EUW1_7865432935
PLATINUM,Lee Sin,0,5,7,13,0.45,265,6.9,15872,15306,0.11,46103,35,20,1,5,2,1,0,7,2,1,1,Conqueror,38,EUW1_7864741514
PLATINUM,Lee Sin,1,5,2,4,0.29,254,8.6,13029,10537,0.102,22646,33,18,2,6,2,0,0,10,2,0,1,Conqueror,29,EUW1_7864664744
PLATINUM,Lee Sin,1,12,2,7,0.514,249,8.9,15204,17405,0.154,28972,31,15,2,5,4,1,1,10,4,1,1,Conqueror,27,EUW1_7864290358
PLATINUM,Lee Sin,0,7,4,5,0.387,251,7.4,15091,17934,0.144,38883,31,16,2,7,2,1,0,3,2,1,0,Conqueror,33,EUW1_7864249975
PLATINUM,Lee Sin,1,16,2,8,0.649,164,6.6,13913,22969,0.234,27252,24,16,0,5,3,1,1,3,3,1,0,Conqueror,24,EUW1_7863651705
PLATINUM,Lee Sin,0,9,9,6,0.517,204,5.6,14809,22973,0.207,46526,25,14,4,4,2,0,0,2,2,0,0,Conqueror,36,EUW1_7863593989
PLATINUM,Lee Sin,1,6,3,14,0.625,237,7.5,14307,21098,0.18,34261,32,15,4,5,3,1,0,7,2,1,2,Conqueror,31,EUW1_7863544349
PLATINUM,Lee Sin,0,4,6,2,0.667,152,6.2,8707,5713,0.113,19349,21,11,1,3,0,0,0,0,0,0,0,Conqueror,24,EUW1_7860554793
PLATINUM,Lee Sin,0,6,6,9,0.385,247,7.1,13792,23425,0.175,42232,33,16,3,4,3,0,0,2,3,0,0,Conqueror,34,EUW1_7860492858
PLATINUM,Lee Sin,1,6,4,12,0.474,221,6.6,14425,18082,0.13,32016,35,16,1,3,3,1,1,10,3,1,0,Conqueror,33,EUW1_7859434830
PLATINUM,Lee Sin,0,8,7,15,0.561,290,6.4,19007,29112,0.151,58094,36,19,0,6,3,1,1,6,2,1,0,Conqueror,45,EUW1_7859354128
PLATINUM,Lee Sin,0,6,5,1,0.583,143,6.6,9251,10840,0.201,19367,19,11,1,5,0,0,0,2,0,0,0,Conqueror,21,EUW1_7859305463
PLATINUM,Lee Sin,1,6,2,15,0.538,188,7.7,11655,15397,0.181,21331,14,10,0,5,2,0,0,5,1,0,0,Conqueror,24,EUW1_7858402570
PLATINUM,Lee Sin,1,10,1,13,0.426,231,7.8,15955,26870,0.2,36293,31,15,0,4,3,1,1,11,3,1,2,Conqueror,29,EUW1_7858333808
PLATINUM,Lee Sin,0,2,8,6,0.364,201,5.7,11932,13927,0.134,44986,27,14,0,3,2,1,0,5,2,1,0,Conqueror,35,EUW1_7858266005
PLATINUM,Lee Sin,1,14,2,16,0.6,269,7.1,18860,64413,0.223,58975,40,20,2,5,4,2,0,10,4,2,2,Conqueror,38,EUW1_7857285797
PLATINUM,Lee Sin,1,6,3,5,0.355,227,7.3,13740,12041,0.098,31845,23,9,1,2,4,2,1,10,4,2,1,Conqueror,31,EUW1_7857218068
PLATINUM,Lee Sin,1,10,1,11,0.677,235,7.4,15910,16751,0.132,34070,28,17,0,5,5,2,0,10,4,2,1,Conqueror,31,EUW1_7857039616
PLATINUM,Lee Sin,0,8,5,4,0.571,160,5.5,12053,15653,0.16,26113,26,15,1,7,1,0,0,1,0,0,0,Conqueror,29,EUW1_7856990678
PLATINUM,Tryndamere,1,6,3,5,0.344,212,7.8,12700,8981,0.131,24761,18,1,4,0,2,1,0,10,2,1,2,Hail of Blades,27,EUW1_7897285315
PLATINUM,Tryndamere,1,4,4,6,0.25,223,7.9,13757,11111,0.104,29851,19,2,3,0,1,1,0,11,0,1,4,Hail of Blades,28,EUW1_7897260928
PLATINUM,Tryndamere,0,5,8,9,0.467,252,7.1,14039,23534,0.159,42154,32,1,7,1,1,0,0,5,1,0,0,Hail of Blades,35,EUW1_7897221778
PLATINUM,Pantheon,0,4,8,11,0.484,146,4.4,11905,18011,0.156,30575,19,1,4,0,0,0,0,3,0,0,0,Press the Attack,32,EUW1_7897175274
PLATINUM,Rengar,0,3,8,7,0.5,154,6.4,9857,10378,0.160,23417,12,1,4,0,0,0,0,2,0,0,0,First Strike,24,EUW1_7886296885
PLATINUM,Diana,0,8,9,7,0.455,258,7.8,16735,25506,0.222,37997,24,2,3,0,1,1,1,6,1,1,1,Conqueror,33,EUW1_7886248291
PLATINUM,Gragas,1,5,8,9,0.4,144,5.6,9480,11520,0.123,25245,17,2,3,0,1,1,0,7,1,1,2,Electrocute,25,EUW1_7886216649
PLATINUM,Pantheon,0,6,7,7,0.565,161,5.4,10974,18264,0.179,29247,22,2,3,0,2,0,0,1,1,0,0,Press the Attack,30,EUW1_7886130396
PLATINUM,Rengar,1,17,3,5,0.579,236,7.1,19922,30206,0.282,26875,25,1,7,0,2,1,0,9,2,1,1,First Strike,33,EUW1_7886090991
PLATINUM,Talon,0,15,14,13,0.538,208,5.4,21694,45676,0.253,49393,31,4,8,0,1,2,0,7,0,1,1,First Strike,38,EUW1_7896825270
PLATINUM,Lee Sin,0,1,8,7,0.381,146,6.0,8406,8097,0.108,23113,20,14,1,5,0,0,0,1,0,0,0,Conqueror,24,EUW1_7895925207
PLATINUM,Lee Sin,0,4,7,7,0.393,183,6.3,10989,7359,0.077,26203,19,10,3,1,2,0,0,3,2,0,1,Conqueror,29,EUW1_7895865556
PLATINUM,Lee Sin,0,3,6,3,0.462,137,5.8,8305,11168,0.194,21017,24,11,1,2,2,0,0,0,1,0,0,Conqueror,23,EUW1_7895825299
PLATINUM,Lee Sin,0,10,8,11,0.477,229,5.8,16239,26600,0.142,46459,34,18,1,5,2,1,0,8,2,1,1,Conqueror,39,EUW1_7895698239
PLATINUM,Talon,1,12,9,14,0.510,300,7.2,19454,28192,0.184,53513,54,4,1,2,4,2,0,13,4,2,3,Conqueror,41,EUW1_7895649069
PLATINUM,Lee Sin,0,3,10,7,0.294,151,5.2,9537,13991,0.124,31934,22,12,1,3,0,0,0,1,0,0,0,Conqueror,29,EUW1_7895449646
PLATINUM,Lee Sin,0,6,11,2,0.276,169,6.1,11089,10086,0.115,28861,22,13,0,3,0,0,0,1,0,0,0,Conqueror,27,EUW1_7892944547
PLATINUM,Lee Sin,0,10,8,10,0.556,185,6.6,13197,22180,0.220,35868,20,12,2,1,3,1,0,5,3,0,2,Conqueror,28,EUW1_7891512999
PLATINUM,Lee Sin,0,12,8,9,0.553,234,6.9,16242,24640,0.178,35490,44,18,1,4,3,0,0,4,3,0,0,Conqueror,34,EUW1_7891465314
PLATINUM,Lee Sin,0,8,8,3,0.478,142,6.2,9735,10990,0.205,21135,20,10,1,4,0,0,0,0,0,0,0,Conqueror,22,EUW1_7890654714
PLATINUM,Lee Sin,0,0,4,2,0.167,130,6.6,6157,2746,0.068,13057,14,9,0,4,0,0,0,0,0,0,0,Conqueror,19,EUW1_7890616389
PLATINUM,Lee Sin,0,6,8,5,0.500,142,5.6,10140,13191,0.162,25169,23,13,1,4,0,0,0,1,0,0,0,Conqueror,25,EUW1_7889667249
PLATINUM,Lee Sin,1,12,6,14,0.553,231,7.9,16726,30749,0.226,26598,44,18,5,6,2,1,0,6,1,0,2,Conqueror,29,EUW1_7889621620
PLATINUM,Xin Zhao,1,10,7,11,0.724,231,6.7,17142,25662,0.215,37361,33,6,6,1,2,2,0,8,2,1,2,Arcane Comet,34,EUW1_7889555559
PLATINUM,Lee Sin,0,6,10,6,0.545,137,5.5,10022,15312,0.222,24600,26,11,5,4,1,0,0,0,1,0,0,Conqueror,24,EUW1_7888815517
SILVER,Evelynn,0,1,5,2,0.12,77,2.8,6316,3747,0.034,11531,5,0,1,0,0,0,0,2,0,0,0,Electrocute,27,EUW1_7893657450
SILVER,Evelynn,0,17,10,7,0.649,160,3.9,19205,37849,0.268,45527,14,0,0,0,2,1,1,3,2,1,1,Electrocute,41,EUW1_7893560168
SILVER,Evelynn,1,21,3,11,0.525,210,5.5,19383,48924,0.227,46880,43,16,2,0,3,1,1,9,2,1,0,Electrocute,38,EUW1_7893498312
SILVER,Evelynn,0,8,7,9,0.459,161,5.0,12749,24912,0.184,32362,13,0,1,0,2,1,1,4,1,1,0,Electrocute,32,EUW1_7892405663
SILVER,Evelynn,1,5,0,7,0.48,74,4.9,5902,6041,0.142,10335,5,0,1,0,0,0,0,3,0,0,0,Electrocute,15,EUW1_7892380961
SILVER,Evelynn,0,3,5,2,0.227,139,5.9,8054,6206,0.109,16569,10,0,3,0,0,0,0,0,0,0,0,Electrocute,23,EUW1_7891598310
SILVER,Evelynn,1,11,4,10,0.538,184,5.5,14192,32471,0.211,33159,13,0,1,0,4,2,1,11,4,2,0,Electrocute,33,EUW1_7891533963
SILVER,Evelynn,0,4,6,5,0.375,164,5.3,10455,11952,0.12,25723,24,10,2,0,1,0,0,5,1,0,0,Electrocute,31,EUW1_7890919536
SILVER,Evelynn,0,1,7,6,0.28,126,5.3,7402,7519,0.119,21110,9,2,1,0,0,0,0,2,0,0,0,Electrocute,23,EUW1_7890596284
SILVER,Evelynn,1,8,3,3,0.379,100,5.2,8846,9282,0.143,14712,10,0,2,0,1,0,1,5,1,0,1,Electrocute,19,EUW1_7890556410
SILVER,Evelynn,0,1,0,0,0.25,18,3.5,1832,688,0.096,1663,0,0,0,0,0,0,0,0,0,0,0,Electrocute,5,EUW1_7890324666
SILVER,Evelynn,1,19,0,3,0.647,216,6.9,16104,42697,0.389,24194,13,0,0,0,5,1,1,10,4,0,0,Electrocute,31,EUW1_7890274338
SILVER,Evelynn,0,17,10,13,0.545,197,4.4,18462,48599,0.192,48206,15,0,1,0,2,0,0,8,2,0,0,Electrocute,44,EUW1_7890238917
SILVER,Evelynn,0,5,6,10,0.385,133,4.8,10086,13490,0.14,24798,13,0,3,0,3,0,1,7,2,0,1,Electrocute,27,EUW1_7890446336
SILVER,Evelynn,1,10,3,6,0.421,151,7.0,10714,15516,0.183,17546,5,0,0,0,3,0,1,8,3,0,0,Electrocute,21,EUW1_7890416762
SILVER,Evelynn,0,6,5,8,0.519,111,3.9,9819,17693,0.169,23228,9,0,0,0,0,0,0,2,0,0,0,Electrocute,28,EUW1_7889875194
SILVER,Evelynn,0,6,9,5,0.423,116,4.1,11260,14526,0.182,24871,13,0,1,0,1,0,1,1,0,0,0,Electrocute,28,EUW1_7889752512
SILVER,Evelynn,1,28,10,17,0.634,159,4.1,18658,63836,0.302,50536,20,0,2,0,3,0,0,7,1,0,1,Electrocute,39,EUW1_7889676419
SILVER,Evelynn,0,12,12,10,0.524,163,3.8,15576,37041,0.196,47899,32,13,1,0,1,0,0,8,0,0,0,Electrocute,42,EUW1_7889197416
SILVER,Amumu,0,2,10,18,0.571,214,5.5,14307,20049,0.135,39040,21,0,6,0,1,0,0,3,1,0,0,Electrocute,38,EUW1_7889168933
SILVER,Amumu,0,3,10,3,0.261,145,5.1,9290,9700,0.106,29603,9,0,1,0,0,0,0,1,0,0,0,Electrocute,28,EUW1_7887910957
SILVER,Amumu,1,4,7,16,0.444,186,5.9,12451,18061,0.123,31785,10,0,1,0,2,1,0,9,2,1,0,Electrocute,31,EUW1_7887374265
SILVER,Amumu,1,5,3,11,0.39,187,5.7,12395,20262,0.173,27326,22,0,7,0,3,1,1,12,3,0,0,Electrocute,32,EUW1_7887235841
SILVER,Sylas,0,4,10,7,0.407,128,4.1,10625,12664,0.114,34903,25,11,1,0,2,0,0,3,2,0,0,Conqueror,31,EUW1_7889493765
SILVER,Sylas,0,3,12,4,0.304,128,4.0,9566,7331,0.075,38996,16,8,0,0,0,0,0,4,0,0,0,Conqueror,31,EUW1_7889445052
SILVER,Sylas,1,8,5,7,0.319,240,5.9,15924,21319,0.120,44430,34,13,2,0,4,2,0,13,3,2,1,Conqueror,40,EUW1_7888317564
SILVER,Jax,1,3,5,8,0.306,138,5.7,9150,10490,0.137,21213,16,5,1,0,3,1,0,11,2,1,0,Lethal Tempo,24,EUW1_7888283982
SILVER,Sylas,1,8,6,9,0.340,169,5.6,12362,15947,0.112,34087,12,5,0,0,2,1,0,9,1,0,1,Conqueror,30,EUW1_7888251135
SILVER,Sylas,1,14,8,9,0.460,190,5.1,16314,33692,0.172,47305,19,7,2,0,3,1,0,10,1,1,0,Conqueror,37,EUW1_7887565269
SILVER,Jax,1,6,1,5,0.423,171,7.8,9993,7823,0.123,17523,9,3,0,0,2,1,1,9,2,1,2,Lethal Tempo,21,EUW1_7887528245
SILVER,Sylas,0,1,7,6,0.438,148,5.0,8570,8760,0.101,30713,17,8,1,0,2,0,0,5,2,0,0,Conqueror,29,EUW1_7887211279
SILVER,Sylas,1,5,3,14,0.514,170,4.9,13499,18815,0.154,41022,24,11,1,0,3,2,0,12,2,1,1,Conqueror,34,EUW1_7887158726
SILVER,Jax,0,3,7,4,0.389,139,5.2,9383,11177,0.133,23532,23,8,2,0,1,0,0,3,1,0,0,Conqueror,26,EUW1_7887088513
SILVER,Jax,1,9,7,10,0.432,240,5.7,16429,22956,0.100,43022,26,12,1,0,4,2,0,12,3,2,0,Lethal Tempo,42,EUW1_7887033468
SILVER,Jax,0,6,8,4,0.357,186,6.5,11887,15452,0.145,30470,22,8,2,0,1,0,1,4,1,0,1,Lethal Tempo,28,EUW1_7886973078
SILVER,Sylas,0,10,5,8,0.529,165,5.5,13577,17381,0.160,35578,13,6,0,0,2,0,0,3,1,0,0,Conqueror,29,EUW1_7885476495
SILVER,Jax,0,2,7,6,0.364,127,5.6,8442,9768,0.128,22858,17,7,2,0,0,0,0,2,0,0,0,Lethal Tempo,22,EUW1_7885438587
SILVER,Jax,1,8,9,6,0.341,199,5.5,14322,26214,0.152,44024,34,13,4,0,4,2,0,10,3,2,0,Lethal Tempo,36,EUW1_7885377073
SILVER,Jax,1,8,5,12,0.488,193,6.1,13610,20085,0.138,34536,34,13,4,0,3,1,1,9,2,1,1,Lethal Tempo,31,EUW1_7883967394
SILVER,Jax,1,1,1,0,0.083,60,6.2,3297,1704,0.101,4507,6,2,0,0,0,0,0,1,0,0,0,Lethal Tempo,9,EUW1_7883956523
SILVER,Sylas,1,6,2,2,0.333,121,5.5,8608,9333,0.124,20756,11,3,0,0,1,0,1,11,0,0,0,Conqueror,21,EUW1_7883915123
SILVER,Jax,1,8,7,13,0.382,216,5.6,16223,23296,0.120,47401,30,11,2,0,4,0,1,9,2,0,2,Lethal Tempo,38,EUW1_7883848680
SILVER,Jax,1,9,5,6,0.357,222,7.1,13280,16148,0.122,27128,36,13,4,0,2,1,0,8,2,0,2,Lethal Tempo,31,EUW1_7883803923
SILVER,Jax,1,4,3,3,0.189,129,6.5,7936,5058,0.077,12534,12,3,0,0,3,0,1,10,3,0,1,Lethal Tempo,19,EUW1_7883774883
SILVER,Rammus,0,15,9,18,0.688,180,4.5,19701,50311,0.238,60816,33,12,1,0,3,0,1,7,3,0,3,Aftershock,40,EUW1_7868491235
SILVER,Naafiri,0,4,11,6,0.303,159,4.9,12051,11130,0.105,33644,19,7,0,0,2,0,0,4,1,0,0,Conqueror,32,EUW1_7867293226
SILVER,Naafiri,0,15,11,9,0.471,301,7.0,21311,33455,0.166,55778,28,12,2,0,5,0,1,7,4,0,2,Conqueror,42,EUW1_7866515413
SILVER,Naafiri,1,21,14,9,0.441,245,5.9,21610,45895,0.202,50814,39,14,2,0,3,0,0,13,2,0,0,Conqueror,41,EUW1_7866404378
SILVER,Teemo,0,3,9,6,0.474,179,5.3,11859,24519,0.214,26799,30,11,1,0,1,0,1,3,1,0,1,Dark Harvest,33,EUW1_7866283471
SILVER,Diana,0,2,9,4,0.261,152,5.0,10184,10766,0.104,29767,26,10,1,0,1,0,1,5,1,0,1,Conqueror,30,EUW1_7866262305
SILVER,Graves,0,15,15,9,0.421,406,6.8,29910,65982,0.257,73710,49,12,6,0,4,2,1,9,4,0,5,Dark Harvest,59,EUW1_7865720648
SILVER,Sejuani,1,4,2,9,0.371,160,5.9,11086,10776,0.103,21548,24,9,1,0,1,1,0,9,1,0,0,Aftershock,27,EUW1_7865667322
SILVER,Xin Zhao,0,2,10,6,0.333,104,4.2,8247,10723,0.114,33877,14,6,0,0,0,0,0,0,0,0,0,Conqueror,24,EUW1_7865626011
SILVER,Warwick,1,12,15,12,0.387,229,4.6,19678,39291,0.137,78410,37,13,5,0,4,1,1,13,4,1,1,Lethal Tempo,49,EUW1_7864517206
SILVER,Wukong,0,6,9,7,0.433,146,5.1,10677,15262,0.181,39697,17,6,1,0,2,0,0,1,2,0,0,Conqueror,28,EUW1_7864299249
SILVER,Shaco,1,3,1,2,0.385,82,6.1,5128,4512,0.155,5213,2,0,0,0,0,0,0,1,0,0,0,Hail of Blades,13,EUW1_7896456866
SILVER,Shaco,0,8,6,7,0.75,91,3.4,9513,18756,0.235,17865,12,6,0,0,0,0,0,0,0,0,0,Hail of Blades,26,EUW1_7896439798
SILVER,Shaco,1,16,2,7,0.404,163,4.6,14695,29692,0.173,24102,12,0,4,0,4,0,0,10,2,0,1,Hail of Blades,35,EUW1_7896419914
SILVER,Shaco,1,18,8,11,0.674,232,5.4,19467,49015,0.251,34815,49,0,21,0,3,0,0,7,3,0,0,Hail of Blades,42,EUW1_7896402838
SILVER,Briar,0,6,12,2,0.258,163,4.4,12117,8842,0.072,37468,21,2,2,0,0,0,0,6,0,0,0,Press the Attack,37,EUW1_7895402069
SILVER,Shaco,0,20,10,7,0.587,183,4.7,18574,38860,0.227,35997,36,14,3,0,4,1,0,7,4,0,1,Hail of Blades,39,EUW1_7892193020
SILVER,Shaco,1,12,4,10,0.458,212,5.1,16312,27025,0.14,30463,34,15,4,0,5,1,0,11,5,0,2,Hail of Blades,41,EUW1_7892166264
SILVER,Shaco,1,13,3,5,0.5,148,5.3,11977,18669,0.163,18881,25,10,2,0,4,1,1,11,4,1,3,Hail of Blades,27,EUW1_7892154885
SILVER,Shaco,1,9,6,13,0.431,208,5.2,16674,24811,0.142,31746,27,11,3,0,2,0,0,9,2,0,2,Hail of Blades,39,EUW1_7892130353
SILVER,Shaco,0,3,4,1,0.190,113,5.1,6920,10904,0.153,16402,14,6,0,0,1,0,0,1,1,0,0,Hail of Blades,22,EUW1_7891557315
SILVER,Warwick,0,4,7,5,0.474,116,4.8,8600,7131,0.122,31007,16,6,1,0,2,0,0,1,2,0,0,Lethal Tempo,24,EUW1_7891522918
SILVER,Shaco,0,15,9,8,0.46,172,4.7,14936,32126,0.194,32213,38,13,7,0,2,0,0,5,1,0,0,Hail of Blades,36,EUW1_7891158050
SILVER,Shaco,0,5,3,3,0.727,106,5.4,7949,8256,0.213,11086,14,6,1,0,0,0,0,0,0,0,0,Hail of Blades,19,EUW1_7891118723
SILVER,Shaco,0,3,2,1,0.4,104,5.2,7145,6564,0.171,11103,14,5,2,0,0,0,0,1,0,0,1,Hail of Blades,20,EUW1_7891108551
SILVER,Shaco,0,5,3,3,0.4,79,3.7,6876,9152,0.201,13357,13,5,1,0,0,0,0,0,0,0,0,Hail of Blades,21,EUW1_7890135192
SILVER,Shaco,1,3,0,2,0.357,90,5.9,5270,5543,0.158,4352,22,5,3,0,1,0,0,1,1,0,0,Hail of Blades,15,EUW1_7890119174
SILVER,Shaco,1,9,8,12,0.429,181,4.2,15984,24639,0.138,34674,63,22,6,0,5,1,1,9,4,1,0,Hail of Blades,43,EUW1_7889355627
SILVER,Shaco,0,13,7,1,0.424,118,3.8,13267,18858,0.154,22662,39,11,6,0,0,0,0,2,0,0,0,Lethal Tempo,31,EUW1_7889228068
SILVER,Shaco,1,1,2,4,0.161,140,6.5,7665,4421,0.059,12258,17,6,1,0,3,0,1,10,3,0,1,Lethal Tempo,21,EUW1_7889208776
GOLD,Master Yi,1,20,6,7,0.563,171,5.3,18000,31284,0.205,35989,34,13,3,0,0,1,0,8,0,0,3,Hail of Blades,32,EUW1_7854279875
DIAMOND,Talon,1,2,6,16,0.450,244,7.2,13742,16681,0.141,31391,34,8,9,0,2,1,0,8,2,1,1,Fleet Footwork,33,EUW1_7856628544
DIAMOND,Talon,0,10,7,9,0.576,266,7.9,18005,31409,0.267,37084,44,15,6,0,2,0,0,3,2,0,0,Fleet Footwork,33,EUW1_7859434830
SILVER,Rek'Sai,0,0,2,1,0.167,44,6.0,2481,1051,0.117,5150,2,2,0,0,0,0,0,0,0,0,0,Conqueror,7,EUW1_7861258247
BRONZE,Amumu,1,0,0,0,0.000,52,7.1,2418,0,0.000,3451,6,2,0,0,1,0,0,0,1,0,0,Conqueror,7,EUW1_7861258247
BRONZE,Jax,0,3,3,0,0.333,126,6.7,7084,4234,0.113,12686,16,7,1,0,1,0,0,1,1,0,0,Conqueror,18,EUW1_7874321055
SILVER,Amumu,1,1,0,2,0.150,127,6.7,6373,2874,0.064,10345,13,3,3,1,1,0,1,3,1,0,0,Conqueror,18,EUW1_7874321055
PLATINUM,Briar,0,17,10,13,0.600,269,6.5,21674,55948,0.247,55196,49,4,13,2,1,0,1,8,1,0,1,Hail of Blades,41,EUW1_7876295816
PLATINUM,Diana,1,16,11,13,0.527,278,6.7,21242,58155,0.228,55114,32,9,4,0,5,1,0,8,5,1,4,Conqueror,41,EUW1_7876295816
GOLD,Karthus,0,7,10,8,0.652,175,6.4,11554,31303,0.375,26898,19,5,1,1,1,0,1,2,1,0,0,Dark Harvest,27,EUW1_7877499659
PLATINUM,Zed,1,5,5,7,0.293,197,7.2,12037,16675,0.185,26178,18,3,3,1,3,1,0,10,2,0,0,First Strike,27,EUW1_7877499659
GOLD,Master Yi,0,4,10,7,0.344,189,5.4,12875,14973,0.136,39312,48,16,5,0,2,0,0,3,2,0,0,Hail of Blades,34,EUW1_7856532351
GOLD,Jax,1,8,3,15,0.535,219,6.3,15811,25481,0.147,36757,43,16,3,4,4,2,1,10,2,2,4,Lethal Tempo,34,EUW1_7856532351
SILVER,Rammus,0,2,3,3,0.385,144,6.0,8499,6666,0.086,17780,11,6,0,0,0,0,1,4,0,0,0,Aftershock,23,EUW1_7857911709
GOLD,Lillia,1,8,0,11,0.559,203,8.5,11695,26951,0.317,30945,23,10,1,1,2,0,0,4,1,0,0,Conqueror,23,EUW1_7857911709
GOLD,Malphite,1,12,3,15,0.614,221,7.2,17220,30016,0.231,31690,29,10,2,0,2,0,1,9,2,0,5,Press the Attack,30,EUW1_7858185657
GOLD,Shyvana,0,6,10,5,0.379,191,6.2,12429,19696,0.155,42245,29,7,6,6,3,1,0,4,3,1,1,Press the Attack,30,EUW1_7858185657
EMERALD,Kayn,0,4,8,3,0.259,182,6.6,10346,15796,0.155,29239,18,3,1,2,3,0,0,5,3,0,0,Dark Harvest,27,EUW1_7879711002
IRON,Kayn,1,7,1,5,0.293,190,7.1,10942,12133,0.094,21076,23,7,2,0,3,0,1,9,2,0,3,Conqueror,26,EUW1_7883467901
IRON,Viego,0,5,4,6,0.44,159,5.9,10137,8848,0.115,24401,22,5,3,10,1,0,0,3,1,0,0,First Strike,26,EUW1_7883467901
BRONZE,Briar,0,4,8,3,0.583,108,5.3,8883,13467,0.238,22424,12,4,1,0,1,0,0,0,1,0,0,Press the Attack,20,EUW1_7890272891
BRONZE,Master Yi,1,6,2,4,0.313,151,7.5,9691,8813,0.122,12134,5,2,0,0,2,0,1,5,2,0,0,Hail of Blades,20,EUW1_7890272891
SILVER,Diana,0,0,4,0,0.0,88,5.8,4275,3429,0.107,10365,16,6,2,0,1,0,0,0,1,0,0,Conqueror,15,EUW1_7892380961
GOLD,Ekko,0,8,8,8,0.432,185,5.9,14157,22766,0.174,40557,19,8,0,0,3,0,0,3,3,0,0,Dark Harvest,31,EUW1_7864691078
BRONZE,Amumu,1,10,6,17,0.551,179,5.7,14841,26956,0.190,33766,28,7,2,2,1,2,1,10,1,2,0,Conqueror,31,EUW1_7864691078
DIAMOND,Rengar,1,15,10,11,0.591,303,7.9,19823,36335,0.212,48421,46,2,14,1,2,1,1,11,2,1,1,Conqueror,38,EUW1_7854094648
DIAMOND,Poppy,0,12,5,9,0.512,228,6.0,16443,31702,0.196,44152,65,20,13,2,3,0,0,4,3,0,1,Aftershock,38,EUW1_7854094648
PLATINUM,Sylas,1,2,1,1,0.273,122,8.4,5744,2293,0.087,11304,5,1,0,0,1,0,0,0,1,0,0,Conqueror,14,EUW1_7854281155
GOLD,Nocturne,0,0,2,1,0.143,82,5.6,4082,2608,0.086,8603,8,3,0,0,1,0,0,0,1,0,0,Conqueror,14,EUW1_7854281155
EMERALD,Diana,1,15,2,8,0.793,214,8.4,15380,30621,0.355,15166,18,4,2,1,3,1,0,8,3,1,3,Electrocute,25,EUW1_7881892266
GOLD,Dr. Mundo,0,2,11,13,0.455,147,4.8,10616,19409,0.182,57984,24,12,0,0,1,0,0,5,1,0,0,Fleet Footwork,30,EUW1_7888251135
PLATINUM,Talon,1,6,6,10,0.421,258,7.3,15268,26984,0.195,33140,38,10,2,2,2,1,1,8,1,1,1,Conqueror,35,EUW1_7857309046
EMERALD,Ivern,0,6,6,13,0.704,185,5.2,14246,26048,0.230,26354,38,14,4,0,3,1,0,4,3,1,0,Glacial Augment,35,EUW1_7857309046
PLATINUM,Chogath,0,5,7,2,0.438,225,6.8,13711,20118,0.194,46878,16,3,4,1,1,0,1,3,1,0,0,Hail of Blades,33,EUW1_7881402281
PLATINUM,Pantheon,1,8,3,9,0.531,244,7.4,15029,26432,0.173,27826,34,5,6,4,3,1,0,11,3,1,1,Press the Attack,33,EUW1_7881402281
SILVER,Nasus,1,6,4,5,0.297,170,6.6,10550,7720,0.094,28759,20,8,1,0,1,1,1,9,1,1,0,Stormraiders Surge,25,EUW1_7884550460
SILVER,Master Yi,0,9,5,3,0.480,121,4.7,10403,11166,0.151,27817,34,11,3,1,2,0,0,2,2,0,0,Lethal Tempo,25,EUW1_7884550460
IRON,Jax,0,12,10,12,0.511,207,5.1,17073,47242,0.253,54941,27,12,1,0,3,1,1,6,3,1,0,Lethal Tempo,40,EUW1_7896719833
IRON,Jax,1,4,4,11,0.429,170,5.8,11072,18018,0.187,29650,19,8,1,0,4,1,0,9,2,1,0,Lethal Tempo,29,EUW1_7896625901
IRON,Jax,0,0,3,3,0.25,106,5.8,5467,3240,0.096,12708,13,6,0,0,1,0,0,0,1,0,0,Lethal Tempo,18,EUW1_7896426077
IRON,Kayn,1,0,4,5,0.119,122,4.9,7286,4394,0.053,18054,17,6,0,0,3,0,0,6,2,0,0,Dark Harvest,24,EUW1_7892660118
IRON,Hecarim,0,16,10,14,0.526,247,6.3,18646,30584,0.187,60290,17,7,0,0,2,0,1,6,2,0,0,Stormraider's Surge,39,EUW1_7897293237
IRON,Hecarim,1,12,12,10,0.393,276,5.5,20128,33050,0.170,73224,31,12,0,0,3,2,0,9,0,1,1,Stormraider's Surge,50,EUW1_7897163202
IRON,Hecarim,1,3,5,11,0.368,199,6.3,11522,15037,0.130,31736,16,9,0,0,3,0,1,5,2,0,0,Stormraider's Surge,31,EUW1_7896964029
IRON,Hecarim,1,8,0,0,0.276,248,9.5,12212,8461,0.108,24587,12,3,1,0,3,0,1,9,3,0,1,Stormraider's Surge,26,EUW1_7896680821
IRON,Hecarim,0,12,6,14,0.473,279,7.1,18476,31344,0.145,48778,22,6,0,0,5,0,1,8,4,0,1,Stormraider's Surge,39,EUW1_7896275413
IRON,Hecarim,0,3,8,2,0.250,141,6.8,7824,5841,0.098,23801,12,4,1,0,0,0,0,1,0,0,0,Stormraider's Surge,20,EUW1_7896262666
IRON,Hecarim,1,7,1,6,0.283,193,7.8,11456,13720,0.123,24803,18,5,2,0,2,1,0,11,1,1,0,Stormraider's Surge,24,EUW1_7896155560
IRON,Hecarim,0,0,7,3,0.111,195,7.0,9146,7864,0.086,30843,16,6,1,0,2,0,0,5,2,0,0,Stormraider's Surge,27,EUW1_7896104643
IRON,Hecarim,0,8,13,9,0.459,175,5.7,12007,15536,0.131,45879,9,3,0,0,0,0,0,3,0,0,0,Stormraider's Surge,30,EUW1_7895950624
IRON,Hecarim,1,6,2,7,0.241,191,7.3,11767,12282,0.095,26344,19,7,0,0,3,1,0,11,2,0,1,Stormraider's Surge,26,EUW1_7895829401
IRON,Hecarim,0,1,5,0,0.125,126,5.8,6707,6034,0.128,20536,16,6,0,0,0,0,0,2,0,0,0,Stormraider's Surge,21,EUW1_7895699438
IRON,Hecarim,1,14,6,16,0.545,244,6.1,19581,28188,0.155,59608,28,10,0,0,2,1,0,11,2,1,1,Stormraider's Surge,40,EUW1_7895269572
IRON,Hecarim,0,0,7,3,0.214,102,5.3,5670,3689,0.083,20966,9,4,0,0,0,0,0,0,0,0,0,Stormraider's Surge,19,EUW1_7895238932
IRON,Hecarim,0,10,13,25,0.500,331,5.9,22406,33238,0.119,115709,40,15,1,0,6,2,0,8,5,2,0,Stormraider's Surge,55,EUW1_7895103655
IRON,Hecarim,0,4,14,13,0.486,152,4.6,11528,17501,0.108,54950,12,6,0,0,0,0,0,0,0,0,0,Stormraider's Surge,32,EUW1_7895035496
IRON,Hecarim,1,5,2,5,0.333,192,9.1,9682,7522,0.092,17935,19,5,1,0,2,0,0,9,2,0,1,Stormraider's Surge,21,EUW1_7894892757
IRON,Hecarim,1,5,3,7,0.333,267,8.1,13653,14046,0.114,34437,29,8,1,0,2,1,0,5,1,0,0,Stormraider's Surge,32,EUW1_7894639000
IRON,Hecarim,0,1,8,5,0.273,185,5.8,10265,7166,0.078,43259,22,7,2,0,0,0,0,4,0,0,0,Stormraider's Surge,32,EUW1_7894585103
PLATINUM,Fiddlesticks,0,8,8,12,0.556,191,6.1,14019,23446,0.250,39711,43,0,5,0,2,0,0,3,2,0,0,Electrocute,31,EUW1_7897238700
PLATINUM,Fiddlesticks,1,11,0,7,0.486,210,8.4,13096,17188,0.191,22470,35,0,4,0,4,0,1,10,4,0,2,Electrocute,24,EUW1_7896359013
PLATINUM,Lee Sin,0,5,7,2,0.333,255,7.6,14485,11944,0.129,38499,18,8,0,0,2,1,1,9,1,1,2,Conqueror,33,EUW1_7896342327
PLATINUM,Viego,0,9,3,6,0.714,252,7.4,15572,25943,0.264,28933,29,0,9,0,1,0,0,1,1,0,0,Conqueror,33,EUW1_7894184990
PLATINUM,Master Yi,0,1,3,1,0.222,179,8.4,8066,2744,0.058,14558,15,6,1,0,1,0,0,2,1,0,0,Hail of Blades,21,EUW1_7894049254
PLATINUM,Naafiri,0,17,5,4,0.553,304,7.7,19687,36312,0.243,38931,43,3,10,1,3,0,1,6,3,0,1,Conqueror,39,EUW1_7894093532
PLATINUM,Naafiri,1,8,5,9,0.630,191,6.7,12729,19287,0.198,26119,28,4,5,0,3,0,0,8,3,0,0,Conqueror,28,EUW1_7894012154
PLATINUM,Lillia,0,14,5,6,0.588,252,6.7,17752,39799,0.215,55364,30,2,10,0,2,0,0,4,1,0,0,Conqueror,37,EUW1_7893864471
EMERALD,Bel'Veth,0,3,6,2,0.25,150,5.8,9194,7151,0.085,27783,25,9,1,1,0,0,1,3,0,0,0,Conqueror,26,EUW1_7892699851
EMERALD,Viego,0,13,11,10,0.561,213,5.8,17035,31734,0.178,43737,43,6,10,8,1,0,0,3,0,0,0,Conqueror,36,EUW1_7883944631
EMERALD,Graves,0,8,10,8,0.364,327,8.4,17110,31072,0.182,34441,52,8,7,3,1,0,0,7,1,0,0,Fleet Footwork,39,EUW1_7883882027
EMERALD,Kha'Zix,0,8,10,6,0.269,281,6.3,17662,31686,0.151,52831,32,5,8,0,4,1,1,9,3,1,0,Stormraider's Surge,44,EUW1_7896591156
EMERALD,Kayn,0,7,8,8,0.313,240,6.6,13970,38574,0.166,39134,42,17,2,0,3,0,0,4,3,0,0,Dark Harvest,36,EUW1_7896505957
EMERALD,Kayn,1,11,4,9,0.541,230,8.2,14843,21470,0.231,36690,29,13,2,0,2,1,0,7,2,1,2,Dark Harvest,28,EUW1_7896472036
EMERALD,Kayn,1,13,4,8,0.488,219,7.5,14315,30527,0.214,30536,31,12,1,0,3,1,1,11,3,1,0,Dark Harvest,29,EUW1_7895566610
EMERALD,Kayn,1,8,6,10,0.419,280,7.5,16744,30174,0.183,41277,63,23,6,0,4,0,0,8,4,0,1,Dark Harvest,37,EUW1_7894979768
EMERALD,Kayn,1,21,6,8,0.674,235,6.9,20249,48606,0.299,42293,32,16,2,0,4,2,0,13,3,2,0,Dark Harvest,33,EUW1_7894346520
EMERALD,Kha'Zix,0,8,8,8,0.444,239,6.2,15272,24492,0.169,35492,36,15,2,0,2,0,0,5,2,0,0,Stormraider's Surge,38,EUW1_7893514991
EMERALD,Kha'Zix,0,1,5,2,0.214,149,6.0,8342,6417,0.126,21713,19,9,2,0,1,0,0,2,1,0,0,First Strike,24,EUW1_7893483521
EMERALD,Kha'Zix,1,14,5,9,0.676,228,7.2,18244,33219,0.280,29556,28,10,2,0,2,0,1,6,2,0,0,First Strike,31,EUW1_7893368639
EMERALD,Kha'Zix,0,14,12,6,0.625,217,6.4,17765,23292,0.206,39735,33,3,8,0,2,1,0,10,2,1,0,Dark Harvest,33,EUW1_7892827961
EMERALD,Kayn,1,19,4,12,0.564,254,8.1,17841,42932,0.276,35304,34,15,0,0,3,1,1,8,2,1,0,Dark Harvest,31,EUW1_7892768159
EMERALD,Kha'Zix,1,16,2,6,0.524,235,7.1,18327,32193,0.226,27719,42,14,8,0,4,1,0,12,4,1,0,Dark Harvest,33,EUW1_7887095267
EMERALD,Kayn,1,10,4,10,0.455,282,7.4,17606,32720,0.210,40341,33,15,1,0,5,1,1,11,4,0,0,Dark Harvest,38,EUW1_7886546959
EMERALD,Kayn,1,13,2,7,0.5,199,8.2,13111,19234,0.206,19665,25,12,0,0,3,0,1,6,3,0,1,Dark Harvest,24,EUW1_7886494315
EMERALD,Ivern,0,3,3,10,0.929,93,3.9,7872,6800,0.120,11157,15,6,0,0,0,0,0,0,0,0,0,Glacial Augment,23,EUW1_7886417533
EMERALD,Kha'Zix,0,14,6,6,0.476,208,6.7,16267,27929,0.197,33914,31,13,7,0,3,0,0,5,2,0,1,Dark Harvest,31,EUW1_7886159228
EMERALD,Kayn,1,16,6,6,0.5,243,6.7,18243,39138,0.285,43580,37,17,1,1,3,1,0,10,2,1,0,Dark Harvest,36,EUW1_7883066094
DIAMOND,Skarner,0,4,10,23,0.551,197,5.3,14211,25505,0.139,51084,36,6,6,4,2,1,0,2,2,1,0,Grasp of the Undying,36,EUW1_7893883178
DIAMOND,Skarner,1,11,5,13,0.571,185,6.2,14856,25282,0.235,31764,26,2,5,1,3,1,1,9,3,1,1,Grasp of the Undying,29,EUW1_7892837066
DIAMOND,Skarner,0,6,11,14,0.513,228,6.1,14610,23388,0.135,62549,26,2,8,0,1,0,0,3,1,0,1,Grasp of the Undying,37,EUW1_7888736280
DIAMOND,Skarner,0,1,9,6,0.538,163,6.0,8959,12242,0.142,34856,22,3,5,2,1,0,0,1,1,0,0,Grasp of the Undying,27,EUW1_7888681420
DIAMOND,Skarner,1,1,1,2,0.214,105,6.8,5215,3903,0.108,8964,11,2,2,1,2,0,0,2,2,0,0,Grasp of the Undying,15,EUW1_7888654627
DIAMOND,Skarner,1,1,8,24,0.641,232,6.1,13646,25103,0.137,45188,30,2,9,2,1,0,0,7,1,0,1,Grasp of the Undying,37,EUW1_7888584505
DIAMOND,Skarner,1,4,10,15,0.463,244,6.1,15613,28760,0.143,54487,32,4,8,5,3,2,1,11,2,1,0,Grasp of the Undying,40,EUW1_7887785452
DIAMOND,Skarner,0,6,10,23,0.725,243,5.7,15596,36372,0.179,90031,33,4,6,4,2,0,1,3,1,0,0,Grasp of the Undying,42,EUW1_7884236760
DIAMOND,Skarner,1,6,3,15,0.568,228,6.5,15154,24460,0.17,49158,27,5,5,5,3,1,1,10,1,1,1,Grasp of the Undying,35,EUW1_7884155449
DIAMOND,Skarner,0,1,6,4,0.357,181,5.7,9751,18390,0.162,33209,28,2,10,2,0,0,0,0,0,0,0,Grasp of the Undying,31,EUW1_7881069250
DIAMOND,Skarner,0,4,9,7,0.423,183,5.3,13011,16654,0.145,45244,39,5,6,4,0,1,1,4,0,1,0,Grasp of the Undying,34,EUW1_7877749219
DIAMOND,Skarner,1,9,2,11,0.571,179,6.6,12992,16902,0.169,24920,19,1,4,2,4,1,1,11,2,1,1,Grasp of the Undying,27,EUW1_7877704705
DIAMOND,Skarner,1,4,6,18,0.629,223,6.9,13633,18372,0.149,30406,39,4,6,3,2,1,1,9,2,1,1,Grasp of the Undying,32,EUW1_7877623970
DIAMOND,Skarner,0,5,5,4,0.5,186,6.4,11067,13699,0.162,32348,27,4,5,2,0,0,1,5,0,0,0,Grasp of the Undying,29,EUW1_7877576873
DIAMOND,Skarner,1,12,2,27,0.75,227,6.2,17755,40755,0.174,48300,57,5,13,4,4,1,0,11,3,0,0,Grasp of the Undying,36,EUW1_7876672417
DIAMOND,Skarner,1,8,3,15,0.59,195,6.2,13927,20191,0.164,35689,21,2,4,2,2,2,0,10,2,2,2,Grasp of the Undying,31,EUW1_7875551933
DIAMOND,Skarner,1,3,0,9,0.444,134,7.2,8159,8868,0.143,12652,10,3,1,2,2,0,1,5,2,0,0,Grasp of the Undying,18,EUW1_7873329275
DIAMOND,Skarner,1,7,3,11,0.621,219,6.5,15397,13520,0.117,28391,41,7,8,5,2,2,1,10,1,2,1,Grasp of the Undying,33,EUW1_7872502540
DIAMOND,Skarner,1,10,3,19,0.547,234,6.6,16522,31505,0.186,48163,31,2,8,1,3,1,1,10,2,1,3,Grasp of the Undying,35,EUW1_7871814725
DIAMOND,Skarner,0,10,8,13,0.575,202,5.7,15370,35703,0.179,53730,47,5,11,3,2,0,0,4,1,0,1,Grasp of the Undying,35,EUW1_7871764863
DIAMOND,Skarner,1,11,3,9,0.435,191,6.6,13965,21450,0.158,33682,25,2,6,1,3,1,1,10,2,1,1,Grasp of the Undying,28,EUW1_7870257856
DIAMOND,Skarner,0,8,8,13,0.538,171,5.7,12881,24713,0.188,37041,40,4,9,2,2,0,0,2,1,0,1,Grasp of the Undying,29,EUW1_7870138217
DIAMOND,Skarner,1,2,6,11,0.406,190,6.6,10821,14594,0.142,36723,22,3,3,2,4,1,0,9,4,1,0,Grasp of the Undying,28,EUW1_7869650546
DIAMOND,Skarner,0,13,9,9,0.611,196,6.1,14490,32050,0.201,43339,42,5,9,5,2,0,1,4,2,0,1,Grasp of the Undying,31,EUW1_7867943978
DIAMOND,Sejuani,0,6,11,11,0.447,201,5.8,13195,19937,0.125,64956,22,4,5,2,1,1,0,5,1,0,0,Conqueror,34,EUW1_7893498319
DIAMOND,Sejuani,0,10,14,13,0.511,189,4.5,16839,43873,0.211,94994,25,2,5,1,3,0,0,5,3,0,0,Conqueror,41,EUW1_7893455466
DIAMOND,Wukong,0,4,7,3,0.35,155,5.4,9928,12717,0.152,31790,10,3,0,0,1,0,0,4,1,0,1,Conqueror,28,EUW1_7892108726
DIAMOND,Karthus,1,10,4,15,0.568,280,8.1,17422,31976,0.223,33080,25,5,4,2,4,2,1,7,4,2,1,Dark Harvest,34,EUW1_7896747586
IRON,Kayn,0,7,7,4,0.333,178,6.0,11889,25161,0.217,37841,4,1,0,0,1,0,0,3,1,0,0,Dark Harvest,29,EUW1_7897305682
IRON,Talon,0,0,0,0,0.0,44,5.7,2441,442,0.169,3780,1,0,0,0,0,0,0,0,0,0,0,First Strike,7,EUW1_7897144181
IRON,Kayn,0,16,5,4,0.488,211,5.8,15461,45626,0.353,56812,21,7,1,0,3,0,1,7,3,0,0,Conqueror,36,EUW1_7897079982
IRON,Kayn,1,10,6,4,0.318,178,6.3,12563,16582,0.162,32632,12,2,0,0,2,1,0,9,2,1,0,Dark Harvest,28,EUW1_7897014281
IRON,Kayn,0,17,8,10,0.509,213,5.7,17207,46461,0.305,54741,15,4,0,0,3,1,0,7,2,1,0,Dark Harvest,37,EUW1_7894700411
IRON,Kayn,1,10,5,10,0.476,225,6.7,15899,24714,0.185,35901,19,5,0,0,4,2,0,11,3,2,1,Dark Harvest,33,EUW1_7893737965
IRON,Kayn,1,14,2,14,0.667,210,6.7,15791,35873,0.277,39617,17,4,1,0,3,1,1,10,3,1,0,Conqueror,31,EUW1_7893623914
IRON,Kayn,0,5,3,2,0.412,137,7.4,7906,8694,0.199,18303,11,3,0,0,1,0,0,1,1,0,0,Conqueror,18,EUW1_7893419171
DIAMOND,Rengar,1,23,10,12,0.686,294,8.5,22831,64533,0.391,51546,33,4,11,1,3,1,1,10,3,1,2,Conqueror,34,EUW1_7896248397
DIAMOND,Rengar,0,14,8,3,0.654,213,8.1,15430,36529,0.316,30639,33,8,7,1,2,0,0,3,2,0,0,Conqueror,26,EUW1_7896133326
DIAMOND,Rengar,0,11,3,5,0.667,251,10.8,14212,25987,0.320,25420,27,7,8,1,3,0,0,2,3,0,2,Conqueror,23,EUW1_7896095926
DIAMOND,Rengar,0,3,9,6,0.643,210,7.8,11983,21476,0.216,30766,35,8,6,0,0,0,0,4,0,0,2,Conqueror,27,EUW1_7892833031
DIAMOND,Karthus,0,5,9,15,0.500,300,9.0,16415,47545,0.302,37500,30,5,1,2,2,1,0,8,2,1,0,Dark Harvest,33,EUW1_7892768052
DIAMOND,Rengar,1,13,10,9,0.478,294,8.0,17565,34780,0.213,53951,30,5,3,1,5,1,0,11,4,1,1,Conqueror,36,EUW1_7892714758
DIAMOND,Rengar,0,1,6,1,0.400,140,7.5,6929,4312,0.170,16735,17,5,4,0,0,0,0,0,0,0,0,Conqueror,18,EUW1_7892683895
DIAMOND,Rengar,0,9,10,10,0.528,251,7.3,15387,23199,0.132,44439,48,7,11,2,3,0,0,6,3,0,1,Conqueror,34,EUW1_7891713060
DIAMOND,Rengar,0,2,7,2,0.800,156,7.2,8041,8204,0.197,21656,17,5,2,0,1,0,0,1,1,0,0,Conqueror,21,EUW1_7891669378
DIAMOND,Hecarim,1,14,13,21,0.461,331,6.9,22881,37108,0.147,82001,39,12,1,0,5,3,0,14,3,3,0,Stormraider's Surge,48,EUW1_7891099648
DIAMOND,Rengar,0,5,6,0,0.500,104,6.7,7174,8193,0.261,14326,16,4,4,0,0,0,0,1,0,0,0,Conqueror,15,EUW1_7891092015
DIAMOND,Rengar,1,7,1,2,0.500,244,9.2,13370,19318,0.234,26508,32,4,10,0,2,1,0,8,2,1,1,Conqueror,26,EUW1_7890781221
DIAMOND,Evelynn,0,10,10,6,0.615,199,6.5,13796,22497,0.198,33303,34,12,2,0,3,0,0,6,2,0,1,Electrocute,30,EUW1_7890728210
DIAMOND,Evelynn,1,6,6,7,0.448,238,7.0,14506,24196,0.183,36246,20,5,3,1,2,1,0,9,2,1,1,Electrocute,34,EUW1_7890676732
DIAMOND,Rengar,1,12,1,9,0.600,237,9.2,14321,31143,0.291,28470,22,5,4,0,4,1,0,7,4,1,1,Conqueror,25,EUW1_7890349668
DIAMOND,Rengar,1,15,1,1,0.727,214,10.4,13958,24028,0.330,16829,21,5,2,0,2,0,1,3,2,0,2,Conqueror,20,EUW1_7890324905
DIAMOND,Rengar,1,7,9,4,0.333,237,7.6,13142,19120,0.137,36874,35,9,4,2,3,0,0,9,2,0,3,Conqueror,31,EUW1_7889709984
DIAMOND,Rengar,0,10,7,12,0.579,244,7.5,15192,41067,0.251,41193,38,9,5,1,2,1,1,5,0,1,0,Conqueror,32,EUW1_7888485336
DIAMOND,Rengar,0,5,11,4,0.563,189,7.5,10784,15558,0.212,31220,7,2,1,1,0,0,0,3,0,0,0,Conqueror,25,EUW1_7888455658
DIAMOND,Rengar,0,17,7,3,0.541,257,8.8,17006,40534,0.278,34562,29,8,6,1,4,0,0,6,3,0,1,Conqueror,29,EUW1_7887860928
DIAMOND,Rengar,1,15,8,3,0.429,223,7.9,14916,31675,0.259,32232,25,4,6,1,2,1,0,8,1,1,1,Conqueror,28,EUW1_7887827750
DIAMOND,Rengar,1,12,8,8,0.392,300,8.5,18760,33634,0.231,40878,40,4,10,0,4,2,1,11,3,2,2,Electrocute,35,EUW1_7887767086
DIAMOND,Rengar,0,4,10,1,0.217,157,6.7,9515,11591,0.175,26982,26,5,7,1,0,0,0,1,0,0,0,Conqueror,23,EUW1_7887722418
DIAMOND,Rengar,1,19,4,9,0.583,278,8.6,19950,44128,0.265,42419,38,5,5,2,3,1,0,8,3,1,3,Conqueror,32,EUW1_7887662117
IRON,Warwick,0,7,6,5,0.667,151,6.2,10729,17381,0.321,30605,13,2,1,0,1,0,0,1,1,0,0,Lethal Tempo,24,EUW1_7897032863
IRON,Warwick,0,10,11,6,0.667,125,4.1,12338,23993,0.221,43038,16,4,2,0,1,0,1,3,1,0,0,Lethal Tempo,30,EUW1_7896982103
IRON,Warwick,0,4,11,2,0.400,102,4.2,7809,12457,0.231,27060,8,2,0,0,0,0,0,0,0,0,0,Lethal Tempo,24,EUW1_7896731626
IRON,Viego,1,8,5,5,0.394,186,6.1,13582,16801,0.163,29946,16,6,1,0,2,1,0,11,2,1,1,Conqueror,30,EUW1_7896695786
IRON,Warwick,1,8,5,6,0.333,164,6.0,11294,12906,0.127,35268,16,5,1,0,4,1,1,11,3,1,1,Lethal Tempo,27,EUW1_7896382472
IRON,Warwick,1,7,12,11,0.439,217,5.5,15261,19202,0.129,53653,17,6,2,0,3,2,0,10,3,1,3,Lethal Tempo,39,EUW1_7896371758
IRON,Viego,1,6,6,5,0.224,228,6.2,13803,21803,0.136,37897,21,7,1,0,3,1,1,11,3,1,2,Lethal Tempo,36,EUW1_7896343881
IRON,Warwick,0,8,14,5,0.481,136,4.3,11769,20018,0.193,46079,9,3,0,0,0,0,0,3,0,0,0,Lethal Tempo,31,EUW1_7896328316
IRON,Warwick,0,10,10,5,0.405,289,6.5,19910,25577,0.167,65763,23,5,3,0,2,1,1,8,1,0,1,Lethal Tempo,44,EUW1_7896296274
IRON,Warwick,0,18,13,13,0.508,210,4.6,20584,58557,0.249,91145,10,4,1,0,1,0,1,7,1,0,0,Lethal Tempo,45,EUW1_7895601554
IRON,Viego,0,0,7,3,0.333,87,4.4,5395,5385,0.147,20544,3,2,0,0,0,0,0,0,0,0,0,Conqueror,19,EUW1_7895575788
IRON,Warwick,0,9,14,6,0.600,115,4.3,11309,23679,0.269,40893,5,3,0,0,0,0,0,1,0,0,0,Lethal Tempo,26,EUW1_7895411930
IRON,Warwick,1,13,8,9,0.595,165,5.4,14960,32630,0.243,44083,6,1,0,0,3,1,0,11,3,0,1,Lethal Tempo,30,EUW1_7895386852
IRON,Viego,0,2,15,6,0.200,231,4.9,14456,12263,0.059,50573,12,3,1,0,1,1,1,8,0,1,0,Conqueror,46,EUW1_7895394012
IRON,Warwick,1,5,2,6,0.224,140,5.7,8784,10857,0.096,21442,19,6,1,0,3,0,1,9,3,0,0,Lethal Tempo,24,EUW1_7895375992
IRON,Warwick,1,11,7,3,0.250,201,5.1,14621,22427,0.152,50258,11,3,0,0,3,1,1,12,3,1,0,Lethal Tempo,39,EUW1_7895371636
IRON,Warwick,0,3,10,0,0.200,78,4.2,6109,7944,0.188,21391,2,1,0,0,1,0,0,0,1,0,0,Lethal Tempo,18,EUW1_7895366697
IRON,Warwick,0,11,8,1,0.667,125,4.5,12281,19589,0.302,37470,8,3,1,0,0,0,0,4,0,0,0,Lethal Tempo,28,EUW1_7895347246
IRON,Warwick,0,5,10,4,0.360,146,5.0,10371,15600,0.173,31613,11,6,0,0,0,0,1,3,0,0,0,Lethal Tempo,29,EUW1_7895341406
IRON,Warwick,1,16,9,8,0.533,144,4.5,14334,30014,0.217,46343,8,3,0,0,1,0,0,9,1,0,0,Lethal Tempo,32,EUW1_7895336989
IRON,Warwick,0,5,8,8,0.317,214,5.9,13947,20696,0.121,51331,7,2,0,0,4,1,1,6,4,1,0,Lethal Tempo,36,EUW1_7895300738
